Price,Adj Close,Close,High,Low,Open,Volume
Ticker,TCS.NS,TCS.NS,TCS.NS,TCS.NS,TCS.NS,TCS.NS
Date,,,,,,
2015-01-01,970.3306274414062,1272.7750244140625,1283.5,1270.5,1283.5,366830
2015-01-02,983.2526245117188,1289.7249755859375,1295.4749755859375,1275.300048828125,1275.5,925740
2015-01-05,968.3097534179688,1270.125,1299.949951171875,1262.324951171875,1290.5,1754242
2015-01-06,932.6119995117188,1223.300048828125,1264.550048828125,1220.0,1264.550048828125,2423784
2015-01-07,921.5957641601562,1208.8499755859375,1239.574951171875,1203.7249755859375,1235.0,2636332
2015-01-08,931.5445556640625,1221.9000244140625,1224.5,1210.2750244140625,1221.199951171875,1565408
2015-01-09,957.6558837890625,1256.1500244140625,1259.949951171875,1225.0,1227.5,3197642
2015-01-12,956.6650390625,1254.8499755859375,1264.0,1240.125,1258.5,1596006
2015-01-13,952.1671142578125,1248.949951171875,1265.199951171875,1240.050048828125,1260.0,1468432
2015-01-14,961.3346557617188,1260.9749755859375,1265.9000244140625,1250.25,1258.0,1787096
2015-01-15,967.8717041015625,1269.550048828125,1290.875,1261.625,1266.5,5009920
2015-01-16,965.222412109375,1266.074951171875,1272.5,1242.1500244140625,1271.8499755859375,5293830
2015-01-19,957.1605224609375,1255.5,1275.5,1251.5,1268.0,1135074
2015-01-20,953.138916015625,1250.2249755859375,1265.0,1241.625,1260.0,2058566
2015-01-21,958.2280883789062,1256.9000244140625,1261.0,1244.125,1261.0,2310480
2015-01-22,958.1326293945312,1256.7750244140625,1260.625,1247.75,1258.25,2113214
2015-01-23,954.3400268554688,1251.800048828125,1266.0250244140625,1248.050048828125,1257.0,3150380
2015-01-27,955.65771484375,1251.0250244140625,1257.5,1244.7750244140625,1256.175048828125,2738736
2015-01-28,969.9994506835938,1269.800048828125,1272.449951171875,1251.449951171875,1251.5,3121980
2015-01-29,971.928466796875,1272.324951171875,1284.3499755859375,1256.449951171875,1269.0,3734392
2015-01-30,948.0186157226562,1241.0250244140625,1287.5,1235.0,1280.3499755859375,5817402
2015-02-02,960.2984619140625,1257.0999755859375,1260.7249755859375,1231.0250244140625,1241.0,3181802
2015-02-03,977.1229858398438,1279.125,1282.5,1253.550048828125,1255.824951171875,2345054
2015-02-04,960.3365478515625,1257.1500244140625,1285.8499755859375,1251.050048828125,1284.0,2245418
2015-02-05,974.8882446289062,1276.199951171875,1295.8499755859375,1259.5,1260.0,4530168
2015-02-06,983.8073120117188,1287.875,1297.4000244140625,1275.425048828125,1276.5,2136416
2015-02-09,959.8018188476562,1256.449951171875,1284.550048828125,1250.0,1280.75,2076432
2015-02-10,932.3966064453125,1220.574951171875,1263.125,1216.5,1255.0,3799054
2015-02-11,939.5582275390625,1229.949951171875,1243.625,1223.625,1227.5250244140625,2937522
2015-02-12,940.4174194335938,1231.074951171875,1239.9000244140625,1223.5,1239.9000244140625,3107980
2015-02-13,969.6752319335938,1269.375,1273.875,1230.125,1235.0,4158326
2015-02-16,987.2637939453125,1292.4000244140625,1297.5,1277.5,1280.0,2364392
2015-02-18,1006.6859130859375,1317.824951171875,1321.5,1282.625,1292.5250244140625,2660014
2015-02-19,1024.026611328125,1340.5250244140625,1343.6500244140625,1317.5,1318.0,2618002
2015-02-20,1021.9255981445312,1337.7750244140625,1349.4000244140625,1321.125,1349.4000244140625,1801588
2015-02-23,1029.984619140625,1348.324951171875,1361.0,1335.5,1335.5,1614892
2015-02-24,1033.0787353515625,1352.375,1365.0,1339.5,1347.0,2199922
2015-02-25,1020.6458129882812,1336.0999755859375,1361.0,1333.925048828125,1355.0,1767994
2015-02-26,1014.6304931640625,1328.2249755859375,1346.375,1312.675048828125,1339.5,1991994
2015-02-27,1016.884033203125,1331.175048828125,1337.875,1308.1500244140625,1329.7249755859375,2877376
2015-03-02,1019.5765380859375,1334.699951171875,1354.4749755859375,1326.2750244140625,1339.8499755859375,2176038
2015-03-03,1060.2926025390625,1388.0,1395.0,1338.074951171875,1341.0,3424308
2015-03-04,1048.833740234375,1373.0,1406.050048828125,1357.824951171875,1394.0,3862994
2015-03-05,1029.9088134765625,1348.2249755859375,1385.3499755859375,1340.5250244140625,1375.0,2173514
2015-03-09,1010.9448852539062,1323.4000244140625,1339.9000244140625,1305.0,1320.0,2883174
2015-03-10,1009.37890625,1321.3499755859375,1339.125,1297.625,1324.449951171875,3037052
2015-03-11,995.5714111328125,1303.2750244140625,1329.9749755859375,1298.9000244140625,1321.0,2240200
2015-03-12,1000.345458984375,1309.5250244140625,1312.449951171875,1295.050048828125,1311.949951171875,1827636
2015-03-13,986.3284301757812,1291.175048828125,1319.9749755859375,1287.5,1319.0,1586838
2015-03-16,978.6697998046875,1281.1500244140625,1305.0,1276.0,1292.5999755859375,1556296
2015-03-17,986.843505859375,1291.8499755859375,1303.3499755859375,1278.875,1291.25,1267318
2015-03-18,977.5432739257812,1279.675048828125,1299.7249755859375,1275.8499755859375,1295.4749755859375,1255170
2015-03-19,991.6370239257812,1298.125,1302.925048828125,1284.050048828125,1288.0,2448964
2015-03-20,997.2518920898438,1305.4749755859375,1309.0,1289.425048828125,1298.0,1963908
2015-03-23,999.6199951171875,1308.574951171875,1315.5,1303.0,1308.0,1566608
2015-03-24,989.7461547851562,1295.6500244140625,1318.5,1291.050048828125,1315.0,2394878
2015-03-25,983.0435791015625,1286.875,1307.0,1272.5999755859375,1295.699951171875,2224858
2015-03-26,959.8779296875,1256.550048828125,1293.3499755859375,1250.5,1276.6500244140625,3091642
2015-03-27,960.5272216796875,1257.4000244140625,1285.949951171875,1252.050048828125,1265.5,2751776
2015-03-30,979.3765258789062,1282.074951171875,1284.949951171875,1260.0,1262.5,1339006
2015-03-31,975.480712890625,1276.9749755859375,1284.7249755859375,1260.5,1284.7249755859375,2427028
2015-04-01,971.1647338867188,1271.324951171875,1281.800048828125,1261.125,1279.0,2075758
2015-04-06,972.9408569335938,1273.6500244140625,1281.449951171875,1250.050048828125,1279.0,1568542
2015-04-07,987.3399658203125,1292.5,1299.5,1272.0,1281.2249755859375,1886922
2015-04-08,1008.8819580078125,1320.699951171875,1328.25,1295.425048828125,1297.0,1652134
2015-04-09,1017.7242431640625,1332.2750244140625,1343.7249755859375,1317.574951171875,1329.5,2544450
2015-04-10,1013.59912109375,1326.875,1335.4000244140625,1314.0,1324.25,1815544
2015-04-13,1014.2676391601562,1327.75,1332.5,1314.0,1332.0,1308642
2015-04-15,1003.6685791015625,1313.875,1356.949951171875,1304.699951171875,1327.3499755859375,2913934
2015-04-16,986.4998168945312,1291.4000244140625,1313.5,1285.675048828125,1313.4749755859375,3217570
2015-04-17,945.2684936523438,1237.425048828125,1280.0,1235.0,1278.550048828125,9668742
2015-04-20,927.6796875,1214.4000244140625,1241.949951171875,1212.425048828125,1240.0250244140625,2890722
2015-04-21,927.0111694335938,1213.5250244140625,1226.0,1200.5,1214.4000244140625,2546032
2015-04-22,933.905517578125,1222.550048828125,1236.5,1203.7750244140625,1215.75,4186812
2015-04-23,938.5465087890625,1228.625,1239.9000244140625,1215.8499755859375,1236.0,4342990
2015-04-24,952.2197265625,1246.5250244140625,1257.0,1223.7750244140625,1227.6500244140625,3625158
2015-04-27,954.9508056640625,1250.0999755859375,1260.0,1243.0,1249.75,2733052
2015-04-28,952.9646606445312,1247.5,1255.0,1227.550048828125,1255.0,3088298
2015-04-29,950.0234375,1243.6500244140625,1247.5,1225.5250244140625,1242.0,2019620
2015-04-30,941.009521484375,1231.8499755859375,1245.0,1213.550048828125,1240.0,3738054
2015-05-04,947.8276977539062,1240.7750244140625,1252.4000244140625,1228.5999755859375,1245.5,1890630
2015-05-05,961.6920776367188,1258.925048828125,1268.2249755859375,1250.0,1250.5,3255070
2015-05-06,940.7612915039062,1231.5250244140625,1257.5,1227.9000244140625,1257.5,3394406
2015-05-07,972.1573486328125,1272.625,1276.875,1226.8499755859375,1232.449951171875,3205028
2015-05-08,965.282958984375,1263.625,1294.0,1258.1500244140625,1280.0,3003664
2015-05-11,976.263671875,1278.0,1281.5250244140625,1262.5,1267.5,2573082
2015-05-12,963.6209106445312,1261.449951171875,1282.5,1256.5,1280.0,2467386
2015-05-13,960.7565307617188,1257.699951171875,1273.5,1240.2249755859375,1273.5,1863774
2015-05-14,954.5880126953125,1249.625,1260.0,1242.5,1260.0,1309050
2015-05-15,959.1331787109375,1255.574951171875,1266.199951171875,1250.5,1257.5,1461454
2015-05-18,962.6664428710938,1260.199951171875,1262.625,1248.550048828125,1257.050048828125,4507752
2015-05-19,959.7254028320312,1256.3499755859375,1265.0,1248.375,1259.699951171875,1957722
2015-05-20,976.6644897460938,1278.5250244140625,1284.949951171875,1258.449951171875,1260.0,1897814
2015-05-21,976.0725708007812,1277.75,1290.0,1274.074951171875,1278.5,1579578
2015-05-22,999.906494140625,1308.949951171875,1314.375,1269.625,1275.0,2691632
2015-05-25,993.451416015625,1300.5,1318.449951171875,1292.8499755859375,1310.0,982978
2015-05-26,996.4493408203125,1304.425048828125,1311.625,1294.449951171875,1302.5,1961740
2015-05-27,998.8941040039062,1307.625,1316.574951171875,1296.0,1304.0,1620690
2015-05-28,996.697998046875,1304.75,1311.5,1291.125,1301.949951171875,2763608
2015-05-29,997.0037231445312,1305.1500244140625,1324.300048828125,1298.625,1308.5,4423532
2015-06-01,999.8493041992188,1308.875,1323.550048828125,1304.175048828125,1304.7249755859375,882264
2015-06-02,993.0313720703125,1299.949951171875,1315.0,1295.25,1308.0,3935820
2015-06-03,997.2330932617188,1305.449951171875,1312.800048828125,1295.25,1302.0,1804684
2015-06-04,995.2277221679688,1302.824951171875,1311.4000244140625,1294.25,1308.550048828125,4131468
2015-06-05,992.9915771484375,1287.925048828125,1304.5,1285.0,1296.0,2308534
2015-06-08,993.6082153320312,1288.7249755859375,1295.0,1280.824951171875,1295.0,1570320
2015-06-09,987.5171508789062,1280.824951171875,1295.0,1275.5,1292.5,2578914
2015-06-10,1002.591064453125,1300.375,1305.0,1281.9000244140625,1283.0,2763350
2015-06-11,991.237548828125,1285.6500244140625,1306.5,1278.375,1302.75,1847336
2015-06-12,965.9872436523438,1252.9000244140625,1294.4749755859375,1238.4000244140625,1285.949951171875,2571456
2015-06-15,965.601806640625,1252.4000244140625,1260.2249755859375,1240.5,1252.6500244140625,2525176
2015-06-16,968.3771362304688,1256.0,1259.6500244140625,1247.2249755859375,1250.0,1267396
2015-06-17,969.0714721679688,1256.9000244140625,1264.574951171875,1250.9000244140625,1260.5,1975720
2015-06-18,975.3355102539062,1265.0250244140625,1273.1500244140625,1254.0,1257.5,2165046
2015-06-19,982.8531494140625,1274.7750244140625,1277.5,1263.550048828125,1267.5,1999610
2015-06-22,999.0245361328125,1295.75,1300.0,1273.5,1273.5,1102002
2015-06-23,992.510009765625,1287.300048828125,1304.0,1283.5999755859375,1300.0,898318
2015-06-24,990.85205078125,1285.1500244140625,1293.949951171875,1279.425048828125,1290.0,1170246
2015-06-25,983.0264282226562,1275.0,1286.5,1272.074951171875,1281.0,1930992
2015-06-26,999.525634765625,1296.4000244140625,1298.175048828125,1275.0999755859375,1275.0999755859375,1290102
2015-06-29,999.5641479492188,1296.449951171875,1302.0,1271.699951171875,1286.0,1372756
2015-06-30,983.3922119140625,1275.4749755859375,1294.375,1270.0,1292.5,1549952
2015-07-01,999.6415405273438,1296.550048828125,1304.0,1278.375,1281.949951171875,1279708
2015-07-02,993.7237548828125,1288.875,1301.4749755859375,1285.5250244140625,1300.0,1445880
2015-07-03,1003.8045654296875,1301.949951171875,1305.0,1285.0,1286.5250244140625,963470
2015-07-06,1015.1383056640625,1316.6500244140625,1322.5,1290.1500244140625,1290.1500244140625,1182338
2015-07-07,1008.5655517578125,1308.125,1323.449951171875,1301.5,1316.375,1642836
2015-07-08,1000.4125366210938,1297.550048828125,1310.8499755859375,1290.25,1298.9749755859375,2667850
2015-07-09,972.4249877929688,1261.25,1299.125,1253.324951171875,1297.5,3934122
2015-07-10,953.8630981445312,1237.175048828125,1279.5,1227.5,1279.5,8263654
2015-07-13,967.432861328125,1254.7750244140625,1259.300048828125,1237.699951171875,1237.699951171875,2280308
2015-07-14,963.5590209960938,1249.75,1257.5,1245.0,1255.5,1703274
2015-07-15,981.3881225585938,1272.875,1274.9749755859375,1250.0,1250.5,2003660
2015-07-16,979.24853515625,1270.0999755859375,1279.425048828125,1263.300048828125,1271.8499755859375,1456608
2015-07-17,988.5773315429688,1282.199951171875,1285.050048828125,1271.6500244140625,1273.4000244140625,1070526
2015-07-20,996.400634765625,1289.574951171875,1291.949951171875,1275.949951171875,1282.0,853786
2015-07-21,989.5433959960938,1280.699951171875,1300.175048828125,1277.550048828125,1288.0,1274500
2015-07-22,976.6588134765625,1264.0250244140625,1284.5,1260.5250244140625,1280.5,1320628
2015-07-23,961.4183959960938,1244.300048828125,1268.925048828125,1241.5,1258.75,1496780
2015-07-24,967.8126220703125,1252.574951171875,1258.25,1246.050048828125,1248.75,1574972
2015-07-27,964.6832275390625,1248.5250244140625,1252.5,1240.574951171875,1244.0,2003738
2015-07-28,966.6148681640625,1251.0250244140625,1259.5,1246.074951171875,1249.75,1891188
2015-07-29,968.4308471679688,1253.375,1257.5250244140625,1241.75,1255.5,2413318
2015-07-30,958.3471069335938,1240.324951171875,1258.4000244140625,1236.4000244140625,1258.0250244140625,2770574
2015-07-31,969.9758911132812,1255.375,1259.5,1243.5,1244.949951171875,1963776
2015-08-03,969.5318603515625,1254.800048828125,1262.5,1250.449951171875,1251.699951171875,1179324
2015-08-04,969.26123046875,1254.449951171875,1261.5,1243.0,1255.199951171875,2342692
2015-08-05,984.0376586914062,1273.574951171875,1275.0,1255.5,1260.0,988994
2015-08-06,994.1410522460938,1286.6500244140625,1291.5,1275.050048828125,1282.5,2211366
2015-08-07,985.931396484375,1276.0250244140625,1286.5,1273.5,1286.5,1188506
2015-08-10,993.6769409179688,1286.050048828125,1294.5,1278.300048828125,1286.0,1431182
2015-08-11,1006.0784301757812,1302.0999755859375,1305.0,1271.050048828125,1289.0,2200306
2015-08-12,1032.155517578125,1335.8499755859375,1345.699951171875,1301.0,1301.550048828125,3479784
2015-08-13,1018.2090454101562,1317.800048828125,1342.0,1278.0,1335.0,1406426
2015-08-14,1044.3250732421875,1351.5999755859375,1359.675048828125,1318.550048828125,1319.0,2293964
2015-08-17,1037.1968994140625,1342.375,1348.4000244140625,1327.5,1345.050048828125,773644
2015-08-18,1058.8895263671875,1370.449951171875,1374.949951171875,1345.0,1353.449951171875,1916926
2015-08-19,1056.0692138671875,1366.800048828125,1376.425048828125,1360.949951171875,1375.0,1690070
2015-08-20,1038.00830078125,1343.425048828125,1372.5,1336.0,1372.5,2349298
2015-08-21,1033.8743896484375,1338.074951171875,1364.949951171875,1327.550048828125,1356.0,3536080
2015-08-24,996.2072143554688,1289.324951171875,1322.5,1284.550048828125,1319.5,4692344
2015-08-25,991.7648315429688,1283.574951171875,1311.0,1267.75,1293.949951171875,3925800
2015-08-26,995.4733276367188,1288.375,1319.5,1255.9749755859375,1279.0250244140625,3216158
2015-08-27,994.6622314453125,1287.324951171875,1307.449951171875,1272.9000244140625,1307.449951171875,5264798
2015-08-28,993.1941528320312,1285.425048828125,1304.5,1278.8499755859375,1304.5,2744152
2015-08-31,990.567138671875,1282.0250244140625,1295.0,1265.5250244140625,1295.0,3692044
2015-09-01,980.2714233398438,1268.699951171875,1305.5999755859375,1265.0,1278.0,2987602
2015-09-02,1001.2880859375,1295.9000244140625,1310.2249755859375,1274.0,1279.8499755859375,3765950
2015-09-03,1006.619384765625,1302.800048828125,1307.5,1288.125,1298.050048828125,2265074
2015-09-04,984.1539306640625,1273.7249755859375,1307.449951171875,1269.574951171875,1305.699951171875,2426396
2015-09-07,981.1798095703125,1269.875,1279.9749755859375,1266.3499755859375,1276.5,1759184
2015-09-08,981.3916015625,1270.1500244140625,1282.050048828125,1261.75,1272.5,1787746
2015-09-09,985.0425415039062,1274.875,1287.0,1272.0,1281.4749755859375,2045076
2015-09-10,983.362060546875,1272.699951171875,1289.25,1263.5,1271.0,2665818
2015-09-11,985.9116821289062,1276.0,1284.199951171875,1270.300048828125,1273.25,1592672
2015-09-14,985.7769775390625,1275.824951171875,1282.5,1271.5,1282.5,1589318
2015-09-15,980.213623046875,1268.625,1279.449951171875,1268.0,1275.824951171875,1379900
2015-09-16,985.2744750976562,1275.175048828125,1282.5,1270.5250244140625,1277.5,1756816
2015-09-18,985.6218872070312,1275.625,1293.0,1269.5,1282.5,2455294
2015-09-21,985.5450439453125,1275.5250244140625,1278.550048828125,1266.5999755859375,1275.0,1108840
2015-09-22,976.1765747070312,1263.4000244140625,1286.199951171875,1245.0,1278.75,2081246
2015-09-23,978.4365234375,1266.324951171875,1278.875,1256.300048828125,1267.1500244140625,1228352
2015-09-24,996.8837890625,1290.199951171875,1295.0,1264.949951171875,1267.75,2354254
2015-09-28,1002.0213623046875,1296.8499755859375,1309.5,1289.75,1297.0,2366812
2015-09-29,999.916259765625,1294.125,1317.0,1284.925048828125,1291.675048828125,3325952
2015-09-30,999.8388061523438,1294.0250244140625,1321.8499755859375,1285.4749755859375,1321.8499755859375,3368336
2015-10-01,1021.686279296875,1322.300048828125,1324.9749755859375,1296.0999755859375,1299.5,2834408
2015-10-05,1047.5892333984375,1355.824951171875,1385.0,1326.3499755859375,1326.3499755859375,4807306
2015-10-06,1043.088623046875,1350.0,1363.0,1342.0,1362.5,3979590
2015-10-07,1025.29833984375,1326.9749755859375,1358.5,1323.4749755859375,1346.9749755859375,2065530
2015-10-08,1017.5135498046875,1316.9000244140625,1339.175048828125,1310.0,1335.0,2357550
2015-10-09,1015.910400390625,1314.824951171875,1325.300048828125,1304.0,1325.25,2249724
2015-10-12,1001.5970458984375,1296.300048828125,1330.175048828125,1293.5,1327.5,2455912
2015-10-13,1003.8955078125,1299.2750244140625,1306.0,1283.800048828125,1301.4000244140625,6179712
2015-10-14,959.5260009765625,1241.8499755859375,1274.0,1240.0,1274.0,8337128
2015-10-15,953.3638305664062,1233.875,1251.75,1232.5,1245.0,3215710
2015-10-16,955.0057373046875,1236.0,1246.0,1235.0,1240.449951171875,2333828
2015-10-19,961.4765014648438,1244.375,1247.4749755859375,1227.925048828125,1245.0,3130642
2015-10-20,976.156982421875,1263.375,1265.0,1247.800048828125,1248.125,2695084
2015-10-21,977.41259765625,1265.0,1271.0,1261.125,1267.5,1929688
2015-10-23,982.3104248046875,1268.574951171875,1274.0,1263.6500244140625,1274.0,2335398
2015-10-26,982.0782470703125,1268.2750244140625,1274.5,1257.550048828125,1274.5,1414630
2015-10-27,979.968017578125,1265.550048828125,1272.449951171875,1260.175048828125,1265.0250244140625,1530420
2015-10-28,979.1935424804688,1264.550048828125,1266.7750244140625,1255.0250244140625,1255.0250244140625,1255342
2015-10-29,966.126708984375,1247.675048828125,1267.699951171875,1245.0250244140625,1266.7750244140625,3130316
2015-10-30,966.0684204101562,1247.5999755859375,1255.949951171875,1242.5,1250.0,1516696
2015-11-02,974.6442260742188,1258.675048828125,1261.4000244140625,1243.7750244140625,1250.0,1319294
2015-11-03,984.7493896484375,1271.7249755859375,1273.9000244140625,1259.25,1264.0,1364906
2015-11-04,981.01318359375,1266.9000244140625,1273.5999755859375,1260.0,1272.5,991434
2015-11-05,961.2095947265625,1241.324951171875,1267.4749755859375,1240.0,1265.4000244140625,1596098
2015-11-06,970.1531982421875,1252.875,1259.125,1241.7249755859375,1246.0,908024
2015-11-09,956.834716796875,1235.675048828125,1251.375,1234.300048828125,1247.5,2021556
2015-11-10,951.7239379882812,1229.074951171875,1238.5,1225.0,1236.4749755859375,1361920
2015-11-13,928.203125,1198.699951171875,1219.0250244140625,1193.2750244140625,1219.0250244140625,2743232
2015-11-16,919.3759765625,1187.300048828125,1195.0,1178.0,1195.0,2043528
2015-11-17,925.5512084960938,1195.2750244140625,1199.2249755859375,1187.5,1190.25,1985028
2015-11-18,910.41259765625,1175.7249755859375,1194.449951171875,1173.0,1194.449951171875,1520352
2015-11-19,914.7105102539062,1181.2750244140625,1190.800048828125,1176.0,1182.675048828125,1866906
2015-11-20,928.5711059570312,1199.175048828125,1211.7750244140625,1180.9749755859375,1183.25,2012126
2015-11-23,925.7443237304688,1195.5250244140625,1206.699951171875,1191.125,1202.6500244140625,1088082
2015-11-24,916.801025390625,1183.9749755859375,1196.2249755859375,1182.75,1190.0250244140625,998640
2015-11-26,908.1283569335938,1172.7750244140625,1191.199951171875,1168.925048828125,1188.949951171875,2915292
2015-11-27,911.1483764648438,1176.675048828125,1179.7249755859375,1166.25,1174.0,1737206
2015-11-30,918.9692993164062,1186.7750244140625,1195.625,1175.074951171875,1182.5,4100048
2015-12-01,914.45849609375,1180.949951171875,1189.0250244140625,1178.5250244140625,1181.449951171875,1721994
2015-12-02,915.7360229492188,1182.5999755859375,1189.050048828125,1173.25,1189.0,1640296
2015-12-03,910.1414794921875,1175.375,1186.5,1173.5,1180.0,2283358
2015-12-04,901.4883422851562,1164.199951171875,1173.6500244140625,1160.550048828125,1170.0,1246092
2015-12-07,898.158935546875,1159.9000244140625,1171.949951171875,1157.625,1166.0999755859375,1382604
2015-12-08,901.7208251953125,1164.5,1174.5,1158.6500244140625,1159.699951171875,1139964
2015-12-09,916.684814453125,1183.824951171875,1186.4000244140625,1160.0,1168.949951171875,5282806
2015-12-10,923.2280883789062,1192.2750244140625,1195.5999755859375,1176.0,1184.5,1723988
2015-12-11,923.7892456054688,1193.0,1195.9749755859375,1181.625,1191.5,1652378
2015-12-14,920.865966796875,1189.2249755859375,1193.5,1165.300048828125,1167.5999755859375,2718532
2015-12-15,919.8601684570312,1187.925048828125,1192.5,1181.5250244140625,1189.2249755859375,1135868
2015-12-16,932.4618530273438,1204.199951171875,1207.25,1192.0,1192.0,1435934
2015-12-17,944.6000366210938,1219.875,1222.5,1196.675048828125,1207.5,1618844
2015-12-18,935.7142944335938,1208.4000244140625,1217.0999755859375,1200.324951171875,1210.0,3024970
2015-12-21,947.1747436523438,1223.199951171875,1225.0,1203.425048828125,1209.9749755859375,1610104
2015-12-22,931.1652221679688,1202.5250244140625,1220.0,1200.0,1220.0,1560858
2015-12-23,939.1986694335938,1212.9000244140625,1217.5,1205.2750244140625,1207.5,849834
2015-12-24,942.4703369140625,1217.125,1219.0999755859375,1202.0,1210.5,843160
2015-12-28,953.4855346679688,1231.3499755859375,1233.199951171875,1210.0999755859375,1214.0,3704198
2015-12-29,950.814208984375,1227.9000244140625,1232.6500244140625,1222.875,1229.175048828125,1708524
2015-12-30,936.2951049804688,1209.1500244140625,1229.5,1206.1500244140625,1226.5250244140625,1605762
2015-12-31,943.4771728515625,1218.425048828125,1224.25,1203.75,1207.875,1240318
2016-01-01,935.5592041015625,1208.199951171875,1219.5,1206.125,1219.5,712262
2016-01-04,917.4398803710938,1184.800048828125,1207.0,1183.0250244140625,1205.074951171875,1870184
2016-01-05,909.4448852539062,1174.4749755859375,1193.300048828125,1170.5,1192.5,2678020
2016-01-06,922.0861206054688,1190.800048828125,1193.074951171875,1175.0999755859375,1175.0999755859375,2653228
2016-01-07,918.0787353515625,1185.625,1191.449951171875,1180.0,1185.0,3199580
2016-01-08,928.2808837890625,1198.800048828125,1203.675048828125,1186.25,1192.5,1907544
2016-01-11,914.633056640625,1181.175048828125,1192.0,1174.425048828125,1191.25,2930228
2016-01-12,900.9658203125,1163.5250244140625,1182.5,1150.800048828125,1181.3499755859375,3482594
2016-01-13,882.4398193359375,1139.5999755859375,1163.5,1127.550048828125,1158.5,4746092
2016-01-14,882.2850341796875,1139.4000244140625,1149.449951171875,1125.0,1136.5,2742052
2016-01-15,875.4318237304688,1130.550048828125,1145.8499755859375,1127.5,1144.425048828125,3269408
2016-01-18,881.8394775390625,1138.824951171875,1145.949951171875,1130.0,1131.0,2213922
2016-01-19,882.478271484375,1139.6500244140625,1150.0,1134.1500244140625,1138.5,967910
2016-01-20,882.7880859375,1140.050048828125,1142.5,1121.5,1136.9000244140625,1615954
2016-01-21,874.9871826171875,1127.25,1144.949951171875,1122.875,1142.5,2675536
2016-01-22,890.9965209960938,1147.875,1151.0250244140625,1130.0,1136.5,1343178
2016-01-25,894.4508056640625,1152.324951171875,1169.5,1145.75,1150.949951171875,1397560
2016-01-27,900.3113403320312,1159.875,1164.9749755859375,1140.949951171875,1151.0,1626986
2016-01-28,904.7548217773438,1165.5999755859375,1174.449951171875,1154.0250244140625,1157.75,3106660
2016-01-29,928.0803833007812,1195.6500244140625,1200.0,1167.5250244140625,1179.3499755859375,2235744
2016-02-01,932.5042114257812,1201.3499755859375,1206.4749755859375,1179.5,1195.550048828125,1495274
2016-02-02,930.7194213867188,1199.050048828125,1216.5,1189.8499755859375,1204.5,1475588
2016-02-03,937.782958984375,1208.1500244140625,1214.949951171875,1180.1500244140625,1193.75,1308692
2016-02-04,939.2382202148438,1210.0250244140625,1220.0,1201.0,1210.949951171875,1250046
2016-02-05,939.9754638671875,1210.9749755859375,1219.9749755859375,1204.050048828125,1204.050048828125,1402996
2016-02-08,917.0775756835938,1181.4749755859375,1206.0250244140625,1173.5,1200.0,1063658
2016-02-09,885.4271240234375,1140.699951171875,1166.800048828125,1127.800048828125,1166.800048828125,2489610
2016-02-10,880.5372924804688,1134.4000244140625,1144.949951171875,1129.050048828125,1137.5,1890732
2016-02-11,853.0398559570312,1098.9749755859375,1144.5,1085.824951171875,1140.0,1962408
2016-02-12,864.1588745117188,1113.300048828125,1121.699951171875,1082.0,1100.0,2172568
2016-02-15,880.6729125976562,1134.574951171875,1153.425048828125,1120.0,1125.0,2479712
2016-02-16,879.2756958007812,1132.7750244140625,1141.0,1121.5,1133.0,1588702
2016-02-17,883.1565551757812,1137.7750244140625,1139.824951171875,1123.199951171875,1132.5,1585178
2016-02-18,898.7977905273438,1157.925048828125,1159.875,1139.0,1142.5,1529140
2016-02-19,900.2722778320312,1159.824951171875,1163.5,1152.7249755859375,1153.675048828125,879012
2016-02-22,898.8167114257812,1157.949951171875,1171.5,1152.5,1160.125,1324884
2016-02-23,878.6741333007812,1132.0,1159.949951171875,1128.375,1155.125,1306852
2016-02-24,858.0849609375,1105.4749755859375,1131.2249755859375,1100.5999755859375,1131.2249755859375,1659328
2016-02-25,858.8226318359375,1106.425048828125,1114.0,1092.824951171875,1109.9000244140625,1830556
2016-02-26,857.91064453125,1105.25,1128.449951171875,1099.800048828125,1114.8499755859375,1537536
2016-02-29,844.8314208984375,1088.4000244140625,1118.5,1057.5,1118.5,2191718
2016-03-01,883.5838012695312,1138.324951171875,1142.550048828125,1081.0,1096.5,1999760
2016-03-02,899.9620971679688,1159.425048828125,1165.0,1128.125,1152.5,1527486
2016-03-03,921.0363159179688,1186.574951171875,1195.5,1150.5,1168.0,2648284
2016-03-04,914.9818115234375,1178.7750244140625,1190.0,1174.7750244140625,1190.0,1512966
2016-03-08,913.7205810546875,1177.1500244140625,1183.5,1152.0999755859375,1171.050048828125,1268152
2016-03-09,914.8651733398438,1178.625,1184.699951171875,1147.574951171875,1170.5,2017784
2016-03-10,911.3917236328125,1174.1500244140625,1179.925048828125,1157.4749755859375,1178.0250244140625,1661666
2016-03-11,917.970458984375,1182.625,1195.425048828125,1167.5,1170.0,1530528
2016-03-14,913.9918823242188,1177.5,1199.0,1170.0,1181.0,1636742
2016-03-15,904.250244140625,1164.949951171875,1181.75,1160.050048828125,1174.5250244140625,1623356
2016-03-16,903.1442260742188,1163.5250244140625,1166.0,1153.449951171875,1157.5,1918246
2016-03-17,912.84716796875,1176.0250244140625,1180.9000244140625,1166.0,1167.0,2221088
2016-03-18,941.489501953125,1212.925048828125,1215.0,1180.0,1180.0,3204070
2016-03-21,949.4066772460938,1223.125,1227.4749755859375,1210.0,1213.0,2336982
2016-03-22,959.8271484375,1236.550048828125,1242.5,1218.25,1221.0,1951984
2016-03-23,960.0991821289062,1236.9000244140625,1243.949951171875,1228.6500244140625,1243.949951171875,2278434
2016-03-28,959.9434814453125,1236.699951171875,1258.574951171875,1230.7750244140625,1245.5,3320882
2016-03-29,958.3915405273438,1234.699951171875,1243.4749755859375,1227.5,1239.0,1838796
2016-03-30,966.192138671875,1244.75,1252.5,1230.0,1235.449951171875,2136504
2016-03-31,978.1464233398438,1260.1500244140625,1275.0,1236.074951171875,1239.1500244140625,4363964
2016-04-01,952.3758544921875,1226.949951171875,1260.425048828125,1217.050048828125,1252.5,3041400
2016-04-04,959.109619140625,1235.625,1244.0,1223.5,1228.0,1752352
2016-04-05,955.8104248046875,1231.375,1242.449951171875,1221.0250244140625,1235.4000244140625,1491794
2016-04-06,963.2428588867188,1240.949951171875,1244.5,1229.675048828125,1235.0,1763150
2016-04-07,958.934814453125,1235.4000244140625,1242.3499755859375,1228.5,1240.0,2390942
2016-04-08,943.8955688476562,1216.0250244140625,1236.8499755859375,1213.5,1233.0,1399500
2016-04-11,972.8482055664062,1253.324951171875,1258.5,1206.5,1216.5,2400648
2016-04-12,977.3115844726562,1259.074951171875,1262.5,1244.050048828125,1249.0,1303628
2016-04-13,980.4359130859375,1263.0999755859375,1272.5,1256.25,1265.0,1601468
2016-04-18,977.9327392578125,1259.875,1276.75,1220.0,1226.5,7121504
2016-04-20,950.9979858398438,1225.175048828125,1267.449951171875,1220.0,1267.449951171875,6405024
2016-04-21,940.9263916015625,1212.199951171875,1233.699951171875,1206.0999755859375,1225.5,2525724
2016-04-22,938.073974609375,1208.5250244140625,1217.699951171875,1202.0999755859375,1209.5,1964126
2016-04-25,951.3472290039062,1225.625,1228.5250244140625,1201.1500244140625,1201.1500244140625,2267654
2016-04-26,966.308837890625,1244.9000244140625,1246.75,1221.0,1224.5,2554368
2016-04-27,974.5751342773438,1255.550048828125,1257.300048828125,1237.949951171875,1240.0,1848670
2016-04-28,981.0374145507812,1263.875,1270.0,1249.050048828125,1250.6500244140625,4992744
2016-04-29,984.044921875,1267.75,1271.0,1255.0,1258.5,2372178
2016-05-02,980.6300659179688,1263.3499755859375,1265.0,1250.0,1264.5,1116692
2016-05-03,961.7677612304688,1239.050048828125,1265.0,1236.0,1262.5,2153118
2016-05-04,961.729248046875,1239.0,1247.0250244140625,1228.5,1236.949951171875,1364892
2016-05-05,958.7407836914062,1235.1500244140625,1244.9749755859375,1231.7750244140625,1239.0,1246566
2016-05-06,959.9434814453125,1236.699951171875,1242.1500244140625,1215.5,1232.5,885598
2016-05-09,975.138427734375,1256.2750244140625,1259.0,1228.199951171875,1236.699951171875,1821276
2016-05-10,979.1551513671875,1261.449951171875,1266.9749755859375,1248.0,1257.5,1158534
2016-05-11,977.36962890625,1259.1500244140625,1262.800048828125,1245.0,1250.0,1598716
2016-05-12,995.9597778320312,1283.0999755859375,1284.949951171875,1260.2750244140625,1260.2750244140625,1513082
2016-05-13,979.3492431640625,1261.699951171875,1283.0,1255.074951171875,1282.5,1621730
2016-05-16,990.1190185546875,1275.574951171875,1282.4000244140625,1261.25,1269.0,1111526
2016-05-17,997.5126342773438,1285.0999755859375,1295.625,1276.0,1282.0999755859375,1756698
2016-05-18,990.1001586914062,1275.550048828125,1282.925048828125,1263.0250244140625,1282.925048828125,1500740
2016-05-19,992.3699340820312,1278.4749755859375,1280.0,1263.050048828125,1277.5,1038792
2016-05-20,981.6388549804688,1264.6500244140625,1282.9000244140625,1261.4000244140625,1271.1500244140625,1230918
2016-05-23,966.9491577148438,1245.7249755859375,1272.949951171875,1240.0999755859375,1272.0,1533016
2016-05-24,957.7313232421875,1233.8499755859375,1244.125,1229.800048828125,1242.0,1339158
2016-05-25,980.53271484375,1263.2249755859375,1266.4749755859375,1240.5,1240.5,1548678
2016-05-26,989.168212890625,1274.3499755859375,1282.449951171875,1252.550048828125,1265.0,1943248
2016-05-27,998.46337890625,1286.324951171875,1289.925048828125,1275.300048828125,1276.574951171875,1104676
2016-05-30,1023.2053833007812,1318.199951171875,1320.9749755859375,1291.0,1291.5,1349464
2016-05-31,997.2020874023438,1284.699951171875,1323.5,1281.0,1320.0,3722608
2016-06-01,1022.0991821289062,1316.7750244140625,1322.5,1285.5,1285.5999755859375,1911942
2016-06-02,1028.54150390625,1325.074951171875,1327.1500244140625,1300.0,1300.0,1408756
2016-06-03,1020.5463256835938,1314.7750244140625,1329.0,1310.25,1325.699951171875,1554922
2016-06-06,1024.448486328125,1306.25,1319.5,1301.5999755859375,1310.25,1322026
2016-06-07,1031.7618408203125,1315.574951171875,1319.5,1306.5,1307.0,1202194
2016-06-08,1024.6837158203125,1306.550048828125,1314.2750244140625,1302.75,1308.625,938266
2016-06-09,1010.6258544921875,1288.625,1311.199951171875,1277.5999755859375,1311.199951171875,1562138
2016-06-10,1002.1951293945312,1277.875,1301.625,1276.5999755859375,1283.0,1396832
2016-06-13,998.763916015625,1273.5,1276.675048828125,1259.0,1270.0,1029978
2016-06-14,993.999267578125,1267.425048828125,1279.4749755859375,1259.125,1279.4749755859375,977570
2016-06-15,1002.6265869140625,1278.425048828125,1282.449951171875,1261.0,1265.0,1270844
2016-06-16,1003.1947631835938,1279.1500244140625,1282.3499755859375,1258.2249755859375,1272.7750244140625,1145070
2016-06-17,1020.5664672851562,1301.300048828125,1305.0,1279.5,1279.5,1878988
2016-06-20,1042.800537109375,1329.6500244140625,1334.0,1295.9000244140625,1301.300048828125,1872838
2016-06-21,1039.6240234375,1325.5999755859375,1332.5,1320.699951171875,1331.75,1027690
2016-06-22,1046.0745849609375,1333.824951171875,1338.8499755859375,1315.875,1325.0,1761712
2016-06-23,1037.3299560546875,1322.675048828125,1329.75,1312.6500244140625,1327.5,1397014
2016-06-24,1009.3322143554688,1286.9749755859375,1296.5999755859375,1257.074951171875,1282.574951171875,3766586
2016-06-27,978.7059326171875,1247.925048828125,1273.5,1241.324951171875,1273.5,4272566
2016-06-28,966.1968994140625,1231.9749755859375,1251.449951171875,1229.199951171875,1247.925048828125,4499524
2016-06-29,981.470703125,1251.449951171875,1256.25,1232.6500244140625,1237.5,2531264
2016-06-30,1001.1554565429688,1276.550048828125,1281.449951171875,1250.175048828125,1261.0,5121812
2016-07-01,980.6665649414062,1250.425048828125,1282.300048828125,1247.175048828125,1281.0,2197296
2016-07-04,978.058837890625,1247.0999755859375,1262.925048828125,1241.0,1258.0,1883484
2016-07-05,974.569091796875,1242.6500244140625,1248.5250244140625,1238.574951171875,1247.0999755859375,1559748
2016-07-07,952.8055419921875,1214.9000244140625,1245.925048828125,1212.5,1243.8499755859375,3316800
2016-07-08,951.5508422851562,1213.300048828125,1221.0250244140625,1201.75,1217.5,2456356
2016-07-11,966.2755737304688,1232.074951171875,1235.9000244140625,1213.5,1215.0,1543632
2016-07-12,966.5892333984375,1232.4749755859375,1237.5,1217.925048828125,1235.8499755859375,1465536
2016-07-13,977.6277465820312,1246.550048828125,1249.625,1225.625,1239.0,2102300
2016-07-14,988.9208374023438,1260.949951171875,1264.5,1235.5,1243.0,2699988
2016-07-15,958.903076171875,1222.675048828125,1263.9000244140625,1213.2750244140625,1258.5,8336366
2016-07-18,954.2369995117188,1216.7249755859375,1234.5,1215.300048828125,1223.5,2598850
2016-07-19,967.079345703125,1233.0999755859375,1236.4000244140625,1213.75,1213.75,2362896
2016-07-20,978.3532104492188,1247.4749755859375,1251.25,1224.074951171875,1225.0,2815252
2016-07-21,982.7059326171875,1253.0250244140625,1259.75,1232.2249755859375,1244.75,2527148
2016-07-22,986.254638671875,1257.550048828125,1262.0,1246.0,1249.449951171875,1517216
2016-07-25,1006.0496826171875,1279.4749755859375,1281.5999755859375,1252.9000244140625,1256.0,1688796
2016-07-26,1003.5532836914062,1276.300048828125,1284.0,1266.5,1279.4749755859375,2311290
2016-07-27,1013.36181640625,1288.7750244140625,1290.199951171875,1272.5,1277.5,1750510
2016-07-28,1029.75634765625,1309.625,1314.7750244140625,1288.5250244140625,1290.25,4632080
2016-07-29,1029.7762451171875,1309.6500244140625,1317.449951171875,1299.5,1307.0,2488084
2016-08-01,1064.7469482421875,1354.125,1362.5,1316.0,1316.0,3961704
2016-08-02,1061.18896484375,1349.5999755859375,1357.8499755859375,1344.9000244140625,1351.449951171875,2578162
2016-08-03,1044.322509765625,1328.1500244140625,1349.5,1324.5250244140625,1343.0,2294702
2016-08-04,1042.6322021484375,1326.0,1341.4749755859375,1318.125,1335.0,1415416
2016-08-05,1041.491943359375,1324.550048828125,1342.1500244140625,1316.0,1336.949951171875,1868484
2016-08-08,1041.6492919921875,1324.75,1334.0,1314.5250244140625,1320.0,2058244
2016-08-09,1041.9244384765625,1325.0999755859375,1329.9000244140625,1289.425048828125,1329.0,2261914
2016-08-10,1051.83203125,1337.699951171875,1341.0,1324.0,1325.5,2062078
2016-08-11,1065.395751953125,1354.949951171875,1357.5,1332.7750244140625,1332.7750244140625,2233138
2016-08-12,1076.6201171875,1369.2249755859375,1372.4000244140625,1351.0250244140625,1352.5,2327358
2016-08-16,1058.239990234375,1345.8499755859375,1370.0,1336.925048828125,1369.0,3183754
2016-08-17,1031.8404541015625,1312.2750244140625,1349.5,1309.0,1349.5,1848566
2016-08-18,1037.344482421875,1319.2750244140625,1328.7750244140625,1315.050048828125,1317.5,1292064
2016-08-19,1023.564697265625,1301.75,1323.2249755859375,1300.0,1320.0,2416244
2016-08-22,1002.0199584960938,1274.3499755859375,1297.2249755859375,1268.1500244140625,1294.0,2265274
2016-08-23,1022.6016235351562,1300.5250244140625,1302.4749755859375,1270.0999755859375,1272.4749755859375,1503374
2016-08-24,1011.1996459960938,1286.0250244140625,1301.0,1284.5250244140625,1294.9000244140625,1116878
2016-08-25,1002.9440307617188,1275.5250244140625,1294.8499755859375,1263.0,1290.0,1939690
2016-08-26,992.6829223632812,1262.4749755859375,1286.2750244140625,1258.5999755859375,1279.9000244140625,1250314
2016-08-29,983.0897827148438,1250.2750244140625,1267.4749755859375,1233.375,1267.4749755859375,1488728
2016-08-30,1000.2311401367188,1272.074951171875,1274.9000244140625,1250.625,1255.0,1444026
2016-08-31,987.3158569335938,1255.6500244140625,1275.0,1250.425048828125,1275.0,3231668
2016-09-01,985.8223876953125,1253.75,1267.4749755859375,1243.5250244140625,1262.449951171875,1345736
2016-09-02,988.6920776367188,1257.4000244140625,1259.699951171875,1248.0250244140625,1256.0,1742330
2016-09-06,976.6029663085938,1242.0250244140625,1260.074951171875,1240.0,1259.949951171875,2239066
2016-09-07,959.5009155273438,1220.2750244140625,1249.8499755859375,1211.5,1249.8499755859375,3854040
2016-09-08,912.9322509765625,1161.050048828125,1180.0,1142.375,1180.0,7021516
2016-09-09,924.8643188476562,1176.2249755859375,1183.324951171875,1160.0250244140625,1164.8499755859375,2742438
2016-09-12,927.4591674804688,1179.5250244140625,1181.9749755859375,1162.0,1168.5,2024454
2016-09-14,915.4288940429688,1164.2249755859375,1188.800048828125,1155.0,1181.0,2069858
2016-09-15,914.839111328125,1163.4749755859375,1171.050048828125,1158.375,1169.9749755859375,2818964
2016-09-16,928.5010986328125,1180.8499755859375,1188.0,1160.0,1168.3499755859375,4358004
2016-09-19,948.0601196289062,1205.7249755859375,1213.5,1175.0,1182.5,2802546
2016-09-20,946.1141967773438,1203.25,1208.449951171875,1192.699951171875,1205.5,1184552
2016-09-21,948.8267211914062,1206.699951171875,1212.0,1200.3499755859375,1203.8499755859375,1678020
2016-09-22,934.9096069335938,1189.0,1214.0,1185.550048828125,1212.625,2857574
2016-09-23,942.81201171875,1199.050048828125,1201.925048828125,1185.574951171875,1191.0,1800726
2016-09-26,943.9911499023438,1200.550048828125,1209.550048828125,1197.5,1200.550048828125,1753476
2016-09-27,957.7515869140625,1218.050048828125,1224.0,1200.550048828125,1200.550048828125,2038792
2016-09-28,952.6207275390625,1211.5250244140625,1218.75,1207.5999755859375,1215.5,1731328
2016-09-29,958.4194946289062,1218.9000244140625,1228.25,1209.800048828125,1217.5,3603958
2016-09-30,955.66748046875,1215.4000244140625,1224.9000244140625,1211.550048828125,1218.5250244140625,2175364
2016-10-03,948.1585083007812,1205.8499755859375,1228.824951171875,1200.550048828125,1225.0,1818880
2016-10-04,945.583251953125,1202.574951171875,1212.5250244140625,1199.0,1210.0,1780718
2016-10-05,938.1922607421875,1193.175048828125,1207.699951171875,1188.050048828125,1204.0,1176354
2016-10-06,939.1358642578125,1194.375,1201.199951171875,1186.375,1197.5,2267572
2016-10-07,930.8992919921875,1183.9000244140625,1194.0,1179.0999755859375,1194.0,1816512
2016-10-10,935.813720703125,1190.1500244140625,1193.449951171875,1177.5250244140625,1184.949951171875,1202142
2016-10-13,915.605712890625,1164.449951171875,1184.949951171875,1160.449951171875,1181.6500244140625,5173334
2016-10-14,930.269775390625,1183.0999755859375,1193.5,1145.5,1157.5,7741214
2016-10-17,928.7957153320312,1181.2249755859375,1187.9000244140625,1172.199951171875,1184.449951171875,2728346
2016-10-18,943.637451171875,1200.0999755859375,1207.8499755859375,1177.4000244140625,1188.0,2128632
2016-10-19,941.63232421875,1197.550048828125,1205.0,1185.1500244140625,1200.5,1985058
2016-10-20,944.0108642578125,1200.574951171875,1204.675048828125,1193.0,1198.449951171875,1265854
2016-10-21,954.8223266601562,1214.324951171875,1215.949951171875,1199.125,1200.0,1259660
2016-10-24,957.0101928710938,1213.8499755859375,1217.449951171875,1201.2750244140625,1214.0999755859375,1253190
2016-10-25,945.4797973632812,1199.2249755859375,1207.300048828125,1190.5,1202.5,1772466
2016-10-26,944.612548828125,1198.125,1201.375,1186.25,1199.300048828125,1437130
2016-10-27,953.2255249023438,1209.050048828125,1214.75,1182.75,1189.8499755859375,2941602
2016-10-28,945.5779418945312,1199.3499755859375,1207.550048828125,1194.0,1205.0,1752102
2016-11-01,926.3806762695312,1175.0,1199.8499755859375,1167.074951171875,1199.8499755859375,2934776
2016-11-02,908.2666625976562,1152.0250244140625,1172.0,1147.5,1170.5,2325076
2016-11-03,914.33740234375,1159.7249755859375,1167.5,1142.25,1147.0,1463310
2016-11-04,918.7131958007812,1165.2750244140625,1168.074951171875,1147.0,1160.0,1183752
2016-11-07,897.6233520507812,1138.5250244140625,1172.449951171875,1130.0250244140625,1168.949951171875,2048052
2016-11-08,900.047607421875,1141.5999755859375,1153.5,1130.0,1140.2249755859375,1933634
2016-11-09,855.36474609375,1084.925048828125,1137.5,1071.425048828125,1090.0,4500226
2016-11-10,849.68798828125,1077.7249755859375,1108.75,1070.4000244140625,1102.4000244140625,2172426
2016-11-11,828.282470703125,1050.574951171875,1073.5250244140625,1043.0999755859375,1073.5250244140625,2398424
2016-11-15,836.2259521484375,1060.6500244140625,1078.7750244140625,1025.949951171875,1058.449951171875,6290324
2016-11-16,863.1499633789062,1094.800048828125,1104.449951171875,1069.0,1072.550048828125,4019958
2016-11-17,842.4935913085938,1068.5999755859375,1104.300048828125,1065.074951171875,1092.5,2504688
2016-11-18,837.7239379882812,1062.550048828125,1075.0,1052.0999755859375,1071.0,2140534
2016-11-21,840.7985229492188,1066.449951171875,1070.0,1052.5,1063.0999755859375,1793366
2016-11-22,841.6266479492188,1067.5,1088.7249755859375,1061.0250244140625,1066.0,1318860
2016-11-23,850.0429077148438,1078.175048828125,1081.4749755859375,1063.5999755859375,1074.5,1275808
2016-11-24,862.6967163085938,1094.2249755859375,1103.800048828125,1068.5,1077.449951171875,3026234
2016-11-25,906.808349609375,1150.175048828125,1153.625,1096.0999755859375,1106.0,4276148
2016-11-28,899.81103515625,1141.300048828125,1159.7249755859375,1125.949951171875,1147.0,1924296
2016-11-29,890.8431396484375,1129.925048828125,1146.0,1126.2750244140625,1137.5,1442296
2016-11-30,897.228759765625,1138.0250244140625,1147.375,1121.1500244140625,1132.5,3445832
2016-12-01,892.2620239257812,1131.7249755859375,1145.0,1127.0250244140625,1138.5,1123052
2016-12-02,875.8631591796875,1110.925048828125,1135.4000244140625,1102.5999755859375,1129.0,1998032
2016-12-05,861.7310180664062,1093.0,1118.925048828125,1085.0,1114.5,2249526
2016-12-06,860.2920532226562,1091.175048828125,1101.9749755859375,1084.949951171875,1095.0,1593444
2016-12-07,849.3334350585938,1077.2750244140625,1092.2249755859375,1072.824951171875,1091.0999755859375,2065706
2016-12-08,865.5745239257812,1097.875,1099.5,1080.0,1080.25,3239546
2016-12-09,865.3772583007812,1097.625,1109.949951171875,1086.6500244140625,1102.5,1588718
2016-12-12,870.4819946289062,1104.0999755859375,1108.800048828125,1081.5,1097.4000244140625,1311758
2016-12-13,867.3682250976562,1100.1500244140625,1109.0,1091.5,1109.0,2147534
2016-12-14,870.2457885742188,1103.800048828125,1112.3499755859375,1094.5,1107.0,1870366
2016-12-15,890.6261596679688,1129.6500244140625,1136.050048828125,1101.0,1101.0,4295410
2016-12-16,899.8310546875,1141.324951171875,1145.0,1126.0,1138.5,1987230
2016-12-19,902.2944946289062,1144.449951171875,1148.8499755859375,1130.6500244140625,1140.0,1334210
2016-12-20,922.1624755859375,1169.6500244140625,1172.5,1143.5250244140625,1146.0,2922760
2016-12-21,912.031494140625,1156.800048828125,1171.9000244140625,1152.800048828125,1171.9000244140625,2034902
2016-12-22,909.705810546875,1153.8499755859375,1162.5,1143.0999755859375,1153.0,1868300
2016-12-23,901.979248046875,1144.050048828125,1158.875,1139.4000244140625,1150.0,1118954
2016-12-26,903.9503784179688,1146.550048828125,1150.800048828125,1133.0,1133.0,897408
2016-12-27,915.89453125,1161.699951171875,1165.0,1140.75,1140.75,1294692
2016-12-28,911.9528198242188,1156.699951171875,1174.949951171875,1151.574951171875,1163.3499755859375,1350418
2016-12-29,927.050537109375,1175.8499755859375,1179.949951171875,1151.5,1151.5,1963516
2016-12-30,932.5101928710938,1182.7750244140625,1189.300048828125,1172.824951171875,1177.449951171875,1405748
2017-01-02,930.8546142578125,1180.675048828125,1187.550048828125,1176.199951171875,1183.300048828125,823132
2017-01-03,933.57470703125,1184.125,1185.8499755859375,1171.6500244140625,1180.625,1475324
2017-01-04,938.0094604492188,1189.75,1194.425048828125,1179.1500244140625,1184.8499755859375,1420066
2017-01-05,920.23095703125,1167.199951171875,1194.9749755859375,1160.199951171875,1192.0,2216404
2017-01-06,899.3382568359375,1140.699951171875,1164.675048828125,1128.550048828125,1160.5,3009896
2017-01-09,908.12890625,1151.8499755859375,1155.6500244140625,1128.5,1137.5,1854578
2017-01-10,912.7212524414062,1157.675048828125,1164.9000244140625,1145.75,1152.0,1533914
2017-01-11,916.2886962890625,1162.199951171875,1164.800048828125,1140.0999755859375,1157.5,1931296
2017-01-12,924.153076171875,1172.175048828125,1180.0,1152.0,1162.199951171875,2570374
2017-01-13,886.68408203125,1124.6500244140625,1178.9749755859375,1118.925048828125,1174.0,10235580
2017-01-16,890.3305053710938,1129.2750244140625,1136.949951171875,1114.0,1125.0,3364808
2017-01-17,898.29345703125,1139.375,1143.9000244140625,1126.4000244140625,1127.449951171875,3009956
2017-01-18,904.7388916015625,1147.550048828125,1149.0,1132.7249755859375,1139.0,3136574
2017-01-19,903.1224365234375,1145.5,1147.574951171875,1141.4749755859375,1147.5,2251676
2017-01-20,900.8951416015625,1142.675048828125,1150.0,1132.5,1143.5,2037246
2017-01-23,911.9051513671875,1153.3499755859375,1156.75,1129.9000244140625,1132.5,2318546
2017-01-24,916.510986328125,1159.175048828125,1161.5,1145.0,1152.0,2282638
2017-01-25,930.208740234375,1176.5,1180.0,1159.0250244140625,1161.300048828125,4111648
2017-01-27,932.1066284179688,1178.9000244140625,1189.375,1172.5250244140625,1172.5250244140625,2871658
2017-01-30,922.2628173828125,1166.449951171875,1175.9749755859375,1159.074951171875,1170.5,2577956
2017-01-31,881.5042724609375,1114.9000244140625,1166.0250244140625,1100.0250244140625,1160.0,4666804
2017-02-01,857.033203125,1083.949951171875,1119.9749755859375,1077.7750244140625,1110.0,4864152
2017-02-02,872.7476806640625,1103.824951171875,1109.5,1076.5,1085.0250244140625,6009482
2017-02-03,882.5916137695312,1116.2750244140625,1121.5,1095.5,1104.8499755859375,2153372
2017-02-06,885.8330078125,1120.375,1129.25,1107.4749755859375,1129.0,2408910
2017-02-07,887.355224609375,1122.300048828125,1126.300048828125,1113.0,1122.0,1814638
2017-02-08,897.7722778320312,1135.4749755859375,1141.300048828125,1122.0250244140625,1122.449951171875,2212584
2017-02-09,916.0955810546875,1158.6500244140625,1164.0,1135.0999755859375,1137.5,4033202
2017-02-10,947.9786376953125,1198.9749755859375,1212.2249755859375,1155.5,1155.5,5782160
2017-02-13,954.4227905273438,1207.125,1214.5,1191.175048828125,1198.0,3819812
2017-02-14,951.2600708007812,1203.125,1209.824951171875,1199.0,1209.824951171875,2033328
2017-02-15,954.205078125,1206.8499755859375,1214.0,1187.550048828125,1198.5,1924972
2017-02-16,967.6663208007812,1223.875,1239.0,1217.800048828125,1230.0,4175680
2017-02-17,951.9122924804688,1203.949951171875,1237.800048828125,1201.0,1236.0,2723324
2017-02-20,989.1919555664062,1251.0999755859375,1277.5,1204.050048828125,1212.5,3973948
2017-02-21,974.6240844726562,1232.675048828125,1262.949951171875,1227.574951171875,1257.0,5501112
2017-02-22,953.3358764648438,1205.75,1235.0,1200.074951171875,1232.949951171875,4505496
2017-02-23,981.1273803710938,1240.9000244140625,1246.625,1207.5,1207.5,4853352
2017-02-27,984.3093872070312,1244.925048828125,1251.0,1235.0250244140625,1239.550048828125,2139892
2017-02-28,974.9798583984375,1233.125,1245.0,1225.0,1244.75,2354828
2017-03-01,980.2376708984375,1239.7750244140625,1250.949951171875,1235.0,1239.949951171875,1130374
2017-03-02,988.8955688476562,1250.7249755859375,1255.0,1235.0250244140625,1243.3499755859375,1544942
2017-03-03,985.9698486328125,1247.0250244140625,1249.8499755859375,1237.699951171875,1246.0,1013970
2017-03-06,977.4511108398438,1236.25,1242.0,1227.2750244140625,1240.0,1400694
2017-03-07,988.2434692382812,1249.9000244140625,1252.5,1237.5250244140625,1241.449951171875,1511672
2017-03-08,993.1448974609375,1256.0999755859375,1260.0,1246.0999755859375,1251.0,1791510
2017-03-09,996.1298217773438,1259.875,1262.0,1252.0250244140625,1257.074951171875,858468
2017-03-10,1005.0247802734375,1271.125,1274.7750244140625,1256.9749755859375,1259.800048828125,1171420
2017-03-14,1015.006591796875,1283.75,1293.574951171875,1275.5250244140625,1278.4000244140625,3402294
2017-03-15,987.6500244140625,1249.1500244140625,1286.074951171875,1246.925048828125,1286.0,3022496
2017-03-16,996.5845336914062,1260.449951171875,1263.5,1253.0,1253.0,1571818
2017-03-17,998.5017700195312,1262.875,1273.0,1254.875,1273.0,2593152
2017-03-20,980.41552734375,1240.0,1262.9749755859375,1233.0,1262.9749755859375,3487540
2017-03-21,983.0640869140625,1243.3499755859375,1246.0,1232.5,1241.0,3373700
2017-03-22,980.0005493164062,1239.4749755859375,1248.0,1234.9749755859375,1240.074951171875,1888716
2017-03-23,972.6476440429688,1230.175048828125,1242.5250244140625,1223.5999755859375,1241.0,2620638
2017-03-24,959.542724609375,1213.5999755859375,1234.9000244140625,1211.6500244140625,1234.9000244140625,5099814
2017-03-27,953.552978515625,1206.0250244140625,1220.0,1203.0,1213.4749755859375,2181270
2017-03-28,960.6292724609375,1214.9749755859375,1221.699951171875,1205.0,1205.0,1153158
2017-03-29,966.4210205078125,1222.300048828125,1225.4000244140625,1212.800048828125,1218.0,1717764
2017-03-30,964.998046875,1220.5,1232.5,1217.5,1222.449951171875,2986086
2017-03-31,961.3610229492188,1215.9000244140625,1220.425048828125,1207.5,1219.199951171875,1867044
2017-04-03,953.4146118164062,1205.8499755859375,1217.5,1204.0999755859375,1217.5,1196888
2017-04-05,949.2835083007812,1200.625,1209.949951171875,1197.5,1209.949951171875,2905568
2017-04-06,948.80908203125,1200.0250244140625,1205.0,1196.2750244140625,1200.0,1720704
2017-04-07,960.273681640625,1214.5250244140625,1216.625,1196.074951171875,1197.449951171875,2277012
2017-04-10,957.5850830078125,1211.125,1224.5,1202.5,1216.0,2543264
2017-04-11,956.41943359375,1209.6500244140625,1221.550048828125,1203.0,1208.6500244140625,1557784
2017-04-12,946.1207275390625,1196.625,1214.0,1191.5,1211.25,1050538
2017-04-13,920.5823974609375,1164.324951171875,1204.5,1160.5250244140625,1200.0,2500472
2017-04-17,915.1272583007812,1157.425048828125,1166.449951171875,1147.574951171875,1165.199951171875,2270882
2017-04-18,912.735107421875,1154.4000244140625,1167.0999755859375,1151.0250244140625,1165.0,1730620
2017-04-19,908.92041015625,1149.574951171875,1174.3499755859375,1126.4000244140625,1131.75,5626812
2017-04-20,919.3370971679688,1162.75,1166.0,1145.4749755859375,1152.6500244140625,1268842
2017-04-21,913.5260620117188,1155.4000244140625,1167.824951171875,1150.5,1164.550048828125,1161154
2017-04-24,920.3651123046875,1164.050048828125,1169.824951171875,1141.25,1150.0,2000020
2017-04-25,913.8023681640625,1155.75,1172.2249755859375,1151.3499755859375,1164.0,3148710
2017-04-26,913.3482055664062,1155.175048828125,1171.9749755859375,1151.5250244140625,1170.0,2187438
2017-04-27,910.3040771484375,1151.324951171875,1163.9000244140625,1138.824951171875,1153.0250244140625,5773186
2017-04-28,898.6414184570312,1136.574951171875,1149.375,1134.0,1147.0,2540510
2017-05-02,905.2637939453125,1144.949951171875,1151.0,1140.0,1147.0,2382696
2017-05-03,924.0021362304688,1168.6500244140625,1172.5,1134.25,1147.5,3514406
2017-05-04,921.1555786132812,1165.050048828125,1175.0,1154.4000244140625,1174.9749755859375,2708208
2017-05-05,917.3604736328125,1160.25,1166.25,1151.25,1154.0,1682474
2017-05-08,926.0382690429688,1171.2249755859375,1173.699951171875,1158.8499755859375,1160.5,1071782
2017-05-09,930.0308227539062,1176.2750244140625,1180.5,1166.2750244140625,1171.9749755859375,1790270
2017-05-10,922.0848388671875,1166.2249755859375,1178.074951171875,1158.0,1177.5,1206388
2017-05-11,928.8056640625,1174.7249755859375,1180.0,1161.375,1173.6500244140625,2071302
2017-05-12,933.2326049804688,1180.324951171875,1184.949951171875,1160.0250244140625,1171.6500244140625,2314446
2017-05-15,934.9924926757812,1182.550048828125,1188.9749755859375,1170.800048828125,1187.550048828125,1817604
2017-05-16,960.313232421875,1214.574951171875,1217.5,1186.7249755859375,1190.0,3601026
2017-05-17,970.6707153320312,1227.675048828125,1230.375,1211.5,1216.75,2876198
2017-05-18,1002.6329956054688,1268.0999755859375,1286.0,1221.125,1225.0,5138594
2017-05-19,991.148681640625,1253.574951171875,1270.2750244140625,1243.0,1268.0999755859375,1786044
2017-05-22,1000.715576171875,1265.675048828125,1276.875,1255.0,1255.0,1663940
2017-05-23,996.9007568359375,1260.8499755859375,1282.074951171875,1257.0,1266.5999755859375,2748596
2017-05-24,1011.7057495117188,1279.574951171875,1285.0,1264.824951171875,1267.4000244140625,2534548
2017-05-25,1037.5799560546875,1312.300048828125,1318.7750244140625,1284.0,1288.5,4094094
2017-05-26,1019.256591796875,1289.125,1313.425048828125,1282.324951171875,1312.5,1362550
2017-05-29,1017.1220703125,1286.425048828125,1298.25,1282.0,1289.5,1749290
2017-05-30,1008.5235595703125,1275.550048828125,1287.9749755859375,1262.5,1280.0,927634
2017-05-31,1006.7446899414062,1273.300048828125,1286.25,1264.0,1266.5,2502730
2017-06-01,1009.51171875,1276.800048828125,1282.0,1265.0,1265.0,1080064
2017-06-02,1013.9788818359375,1282.449951171875,1295.925048828125,1276.25,1278.125,1355648
2017-06-05,1029.41650390625,1301.9749755859375,1309.949951171875,1280.074951171875,1282.5,1500188
2017-06-06,1065.8065185546875,1348.0,1354.4749755859375,1315.0,1315.5,5946720
2017-06-07,1033.8837890625,1307.625,1350.0,1288.2750244140625,1348.5,4927776
2017-06-08,996.8612060546875,1260.800048828125,1302.4749755859375,1257.75,1299.0,3330714
2017-06-09,991.08935546875,1253.5,1273.699951171875,1243.0,1260.0,3148034
2017-06-12,983.2618408203125,1243.5999755859375,1256.449951171875,1235.199951171875,1248.5,1626506
2017-06-13,980.0040893554688,1225.7750244140625,1240.550048828125,1223.5,1232.5,1175414
2017-06-14,987.4592895507812,1235.0999755859375,1238.0,1227.5,1227.5,1489142
2017-06-15,963.8740234375,1205.5999755859375,1234.8499755859375,1202.5,1234.5,2997198
2017-06-16,959.2769775390625,1199.8499755859375,1217.5,1193.25,1207.4749755859375,2450426
2017-06-19,972.0687255859375,1215.8499755859375,1223.175048828125,1202.574951171875,1208.449951171875,1644742
2017-06-20,977.3856201171875,1222.5,1224.5,1190.1500244140625,1215.5,1670958
2017-06-21,961.91552734375,1203.1500244140625,1221.074951171875,1198.5999755859375,1220.0,1657818
2017-06-22,957.3384399414062,1197.425048828125,1215.5,1192.5,1204.5,5775882
2017-06-23,944.0864868164062,1180.8499755859375,1206.9749755859375,1177.0,1199.699951171875,1424756
2017-06-27,936.551513671875,1171.425048828125,1192.3499755859375,1165.800048828125,1175.300048828125,1974330
2017-06-28,939.4292602539062,1175.0250244140625,1179.0,1167.5,1174.949951171875,1789726
2017-06-29,932.713623046875,1166.625,1186.0250244140625,1161.550048828125,1179.5,2471826
2017-06-30,944.3464965820312,1181.175048828125,1188.5,1161.550048828125,1162.199951171875,1753848
2017-07-03,948.843505859375,1186.800048828125,1191.5250244140625,1171.550048828125,1178.699951171875,1475956
2017-07-04,946.1453857421875,1183.425048828125,1190.2249755859375,1175.0250244140625,1186.6500244140625,1215134
2017-07-05,941.8079833984375,1178.0,1182.5,1172.5,1180.4000244140625,815856
2017-07-06,938.43017578125,1173.7750244140625,1180.949951171875,1170.050048828125,1179.5,1026788
2017-07-07,932.19384765625,1165.9749755859375,1178.2249755859375,1162.75,1175.0,1232090
2017-07-10,973.3684692382812,1217.4749755859375,1222.449951171875,1189.4749755859375,1203.0,783608
2017-07-11,989.697998046875,1237.9000244140625,1257.4000244140625,1213.0,1213.0,3537504
2017-07-12,975.1670532226562,1219.7249755859375,1241.6500244140625,1215.050048828125,1241.25,2646450
2017-07-13,977.9450073242188,1223.199951171875,1236.0,1213.300048828125,1222.5,3131960
2017-07-14,958.3780517578125,1198.7249755859375,1212.5,1187.5,1191.5,4508432
2017-07-17,957.5780639648438,1197.7249755859375,1211.050048828125,1191.0999755859375,1198.8499755859375,2211822
2017-07-18,962.7349853515625,1204.175048828125,1221.5,1198.074951171875,1198.074951171875,1908002
2017-07-19,979.224365234375,1224.800048828125,1230.0,1207.550048828125,1207.75,3915576
2017-07-20,977.2657470703125,1222.3499755859375,1228.449951171875,1215.25,1224.625,1182504
2017-07-21,995.853759765625,1245.5999755859375,1250.0,1217.2750244140625,1217.449951171875,2148416
2017-07-24,1014.494873046875,1265.3499755859375,1270.0,1241.0,1241.0,2271402
2017-07-25,1030.8505859375,1285.75,1290.0,1259.199951171875,1262.875,2678832
2017-07-26,1024.6368408203125,1278.0,1287.5,1273.5,1280.0,1459826
2017-07-27,994.8516845703125,1240.8499755859375,1292.4000244140625,1233.25,1271.0999755859375,4255304
2017-07-28,995.89453125,1242.1500244140625,1246.5250244140625,1221.0,1240.5,1382752
2017-07-31,998.9006958007812,1245.9000244140625,1259.5,1231.5,1235.5,2019662
2017-08-01,1002.8486938476562,1250.824951171875,1260.375,1245.5,1250.0,1747460
2017-08-02,991.6849975585938,1236.9000244140625,1254.0,1231.0,1250.0,1251024
2017-08-03,997.9588012695312,1244.7249755859375,1251.0,1233.2249755859375,1240.0,1882548
2017-08-04,1011.3278198242188,1261.4000244140625,1264.1500244140625,1244.0,1245.4000244140625,1387890
2017-08-07,1003.5709838867188,1251.7249755859375,1260.0,1240.5999755859375,1258.25,1885520
2017-08-08,1003.4105834960938,1251.5250244140625,1264.300048828125,1248.1500244140625,1256.0,1073958
2017-08-09,1006.998046875,1256.0,1261.425048828125,1246.6500244140625,1250.0,992946
2017-08-10,1006.77783203125,1255.7249755859375,1260.300048828125,1243.175048828125,1254.5,1526172
2017-08-11,1000.6043701171875,1248.0250244140625,1267.5,1241.5,1249.949951171875,1394736
2017-08-14,989.9212036132812,1234.699951171875,1254.949951171875,1231.5,1251.5,786504
2017-08-16,999.1213989257812,1246.175048828125,1271.9000244140625,1232.5999755859375,1242.0,1373340
2017-08-17,996.4354858398438,1242.824951171875,1252.5,1231.050048828125,1250.3499755859375,1752374
2017-08-18,1007.7197875976562,1256.9000244140625,1274.949951171875,1235.699951171875,1237.0,2837356
2017-08-21,1013.73291015625,1264.4000244140625,1274.5,1247.1500244140625,1252.75,2304834
2017-08-22,1001.2059326171875,1248.7750244140625,1269.75,1246.0,1261.5,1131326
2017-08-23,997.9588012695312,1244.7249755859375,1258.4000244140625,1236.574951171875,1252.5,1562272
2017-08-24,1000.8251953125,1248.300048828125,1258.9749755859375,1243.074951171875,1248.8499755859375,1623908
2017-08-28,997.096435546875,1243.6500244140625,1252.699951171875,1230.5,1252.300048828125,2036796
2017-08-29,990.50244140625,1235.425048828125,1248.0,1231.9749755859375,1241.0,1312602
2017-08-30,995.99462890625,1242.2750244140625,1245.0,1230.050048828125,1240.5,970782
2017-08-31,1000.7244873046875,1248.175048828125,1252.199951171875,1233.324951171875,1242.5,1784664
2017-09-01,984.7296142578125,1228.2249755859375,1249.0250244140625,1218.2750244140625,1240.0,1702330
2017-09-04,984.6296997070312,1228.0999755859375,1230.5,1219.0,1226.550048828125,1062544
2017-09-05,995.9141845703125,1242.175048828125,1245.0,1218.5250244140625,1230.0,1165994
2017-09-06,983.427001953125,1226.5999755859375,1237.425048828125,1225.0,1234.074951171875,1228764
2017-09-07,986.193115234375,1230.050048828125,1234.199951171875,1225.5250244140625,1229.0,870636
2017-09-08,990.4020385742188,1235.300048828125,1237.0,1226.2750244140625,1226.875,1021134
2017-09-11,983.9278564453125,1227.2249755859375,1241.4749755859375,1225.0,1235.5999755859375,732764
2017-09-12,997.5576171875,1244.2249755859375,1248.5,1228.5,1236.949951171875,1396460
2017-09-13,997.8583984375,1244.5999755859375,1265.824951171875,1237.5999755859375,1250.0,1278980
2017-09-14,996.9564819335938,1243.4749755859375,1248.800048828125,1235.949951171875,1241.0,1081510
2017-09-15,1004.6132202148438,1253.0250244140625,1258.5,1242.5,1249.5,2944072
2017-09-18,1001.8073120117188,1249.5250244140625,1259.4749755859375,1244.625,1252.4749755859375,726600
2017-09-19,1001.4862060546875,1249.125,1252.5,1245.75,1252.5,782754
2017-09-20,999.6021118164062,1246.7750244140625,1257.0,1237.1500244140625,1257.0,1334642
2017-09-21,1012.169921875,1262.449951171875,1270.5,1240.0,1245.5250244140625,2438740
2017-09-22,1003.6309814453125,1251.800048828125,1263.449951171875,1246.0,1259.949951171875,2435396
2017-09-25,1006.497314453125,1255.375,1267.0,1246.375,1248.2750244140625,1599558
2017-09-26,992.025390625,1237.324951171875,1263.199951171875,1233.0,1255.0,1449230
2017-09-27,1000.183349609375,1247.5,1256.0999755859375,1236.875,1245.0,2010356
2017-09-28,992.7473754882812,1238.2249755859375,1257.0,1226.0,1247.3499755859375,4332866
2017-09-29,976.5114135742188,1217.9749755859375,1242.0,1210.75,1239.5,1985014
2017-10-03,981.5225830078125,1224.2249755859375,1227.1500244140625,1213.5250244140625,1220.0,1923006
2017-10-04,979.0571899414062,1221.1500244140625,1227.0,1212.5,1224.800048828125,1300778
2017-10-05,973.9664306640625,1214.800048828125,1221.7249755859375,1212.199951171875,1220.5,1684686
2017-10-06,980.8011474609375,1223.324951171875,1227.5,1214.0250244140625,1215.0,1389188
2017-10-09,983.7877807617188,1227.050048828125,1233.9749755859375,1220.5250244140625,1220.5250244140625,1773616
2017-10-10,985.8521728515625,1229.625,1234.9749755859375,1225.625,1227.5,1222010
2017-10-11,1002.3279418945312,1250.175048828125,1257.2249755859375,1228.375,1230.0,1527746
2017-10-12,1021.5098266601562,1274.0999755859375,1277.5,1253.5,1256.5,5006356
2017-10-13,1025.6793212890625,1279.300048828125,1304.4749755859375,1261.5,1274.0999755859375,4066320
2017-10-16,1036.02197265625,1292.199951171875,1295.0,1277.5250244140625,1277.5250244140625,1218590
2017-10-17,1040.0904541015625,1297.2750244140625,1307.4749755859375,1288.7750244140625,1292.5,1443016
2017-10-18,1036.90380859375,1293.300048828125,1306.824951171875,1290.0,1297.5,1514144
2017-10-19,1035.8214111328125,1291.949951171875,1297.9000244140625,1285.5,1296.0,86822
2017-10-23,1037.4246826171875,1293.949951171875,1314.5,1273.7249755859375,1292.0,1886088
2017-10-24,1033.6163330078125,1289.199951171875,1310.449951171875,1284.5250244140625,1310.0,1339020
2017-10-25,1028.99365234375,1279.949951171875,1307.0,1277.5,1289.25,1105106
2017-10-26,1020.5324096679688,1269.425048828125,1284.574951171875,1258.949951171875,1267.550048828125,3007552
2017-10-27,1038.8017578125,1292.1500244140625,1296.574951171875,1265.1500244140625,1269.0,1409270
2017-10-30,1051.6246337890625,1308.0999755859375,1310.0,1290.8499755859375,1293.0,1137252
2017-10-31,1054.76025390625,1312.0,1320.0,1300.6500244140625,1300.6500244140625,1592634
2017-11-01,1046.2581787109375,1301.425048828125,1313.425048828125,1289.425048828125,1312.0,741882
2017-11-02,1055.6240234375,1313.074951171875,1337.0,1303.375,1304.25,1468422
2017-11-03,1053.1923828125,1310.050048828125,1318.3499755859375,1301.4000244140625,1316.199951171875,666886
2017-11-06,1071.4615478515625,1332.7750244140625,1335.9000244140625,1305.875,1310.0,1377000
2017-11-07,1089.34912109375,1355.0250244140625,1384.0,1333.0250244140625,1335.0,2696892
2017-11-08,1099.3780517578125,1367.5,1379.5,1359.125,1361.5,1402252
2017-11-09,1099.9410400390625,1368.199951171875,1375.0,1359.6500244140625,1375.0,1152432
2017-11-10,1088.8265380859375,1354.375,1363.0,1346.675048828125,1361.0999755859375,1356566
2017-11-13,1109.00537109375,1379.4749755859375,1388.699951171875,1351.0250244140625,1351.0250244140625,1496996
2017-11-14,1091.177734375,1357.300048828125,1378.2750244140625,1353.75,1378.2750244140625,1657252
2017-11-15,1087.439697265625,1352.6500244140625,1377.5,1350.675048828125,1353.0,6670834
2017-11-16,1104.0609130859375,1373.324951171875,1381.5,1343.4749755859375,1355.0,1653482
2017-11-17,1088.2435302734375,1353.6500244140625,1374.050048828125,1351.800048828125,1374.050048828125,1325464
2017-11-20,1086.6962890625,1351.7249755859375,1363.449951171875,1347.6500244140625,1357.5,1014498
2017-11-21,1074.4361572265625,1336.4749755859375,1350.5,1333.0,1350.5,1527740
2017-11-22,1077.531494140625,1340.324951171875,1354.8499755859375,1336.199951171875,1336.5,1822624
2017-11-23,1077.772216796875,1340.625,1346.5,1334.5,1340.5,793470
2017-11-24,1080.50634765625,1344.0250244140625,1351.449951171875,1336.550048828125,1341.0,2287512
2017-11-27,1079.6214599609375,1342.925048828125,1347.949951171875,1331.0999755859375,1344.0,1856786
2017-11-28,1079.400634765625,1342.6500244140625,1351.199951171875,1335.0,1343.0,911716
2017-11-29,1068.4869384765625,1329.074951171875,1346.5,1325.0,1338.75,1447532
2017-11-30,1059.9852294921875,1318.5,1333.4749755859375,1311.5,1326.824951171875,4299962
2017-12-01,1057.15185546875,1314.9749755859375,1334.0,1310.75,1317.5,1031144
2017-12-04,1058.11669921875,1316.175048828125,1329.25,1301.4749755859375,1311.0,1259104
2017-12-05,1059.40234375,1317.7750244140625,1325.8499755859375,1314.074951171875,1315.5,1167914
2017-12-06,1058.4981689453125,1316.6500244140625,1322.5,1306.425048828125,1318.0,1407518
2017-12-07,1052.0467529296875,1308.625,1322.9749755859375,1307.5,1316.1500244140625,1326300
2017-12-08,1045.7156982421875,1300.75,1322.5,1298.5,1309.0,1385548
2017-12-11,1069.6724853515625,1330.550048828125,1336.324951171875,1304.175048828125,1304.175048828125,1008002
2017-12-12,1049.996337890625,1306.074951171875,1331.0,1303.699951171875,1330.5,1882246
2017-12-13,1056.5283203125,1314.199951171875,1325.7249755859375,1300.5,1305.699951171875,2961458
2017-12-14,1028.1500244140625,1278.9000244140625,1316.0,1265.550048828125,1316.0,5504150
2017-12-15,1023.2456665039062,1272.800048828125,1292.2249755859375,1268.425048828125,1281.875,2718138
2017-12-18,1037.274658203125,1290.25,1294.4749755859375,1247.175048828125,1268.5,2180664
2017-12-19,1035.184326171875,1287.6500244140625,1298.9000244140625,1282.3499755859375,1288.0,1801952
2017-12-20,1040.6705322265625,1294.4749755859375,1296.375,1275.324951171875,1291.0,1577570
2017-12-21,1043.3841552734375,1297.8499755859375,1304.0,1290.0250244140625,1293.5,1293648
2017-12-22,1063.9044189453125,1323.375,1331.949951171875,1295.0999755859375,1302.0,3665664
2017-12-26,1064.9898681640625,1324.7249755859375,1344.875,1315.800048828125,1343.0,2175786
2017-12-27,1053.11181640625,1309.949951171875,1329.25,1305.25,1324.7249755859375,739284
2017-12-28,1055.945556640625,1313.4749755859375,1326.75,1302.824951171875,1304.4000244140625,2605088
2017-12-29,1085.7918701171875,1350.5999755859375,1354.449951171875,1309.2750244140625,1311.550048828125,2609542
2018-01-01,1063.4425048828125,1322.800048828125,1347.4000244140625,1317.5,1341.1500244140625,1351760
2018-01-02,1057.65380859375,1315.5999755859375,1334.800048828125,1310.0999755859375,1330.0,1920290
2018-01-03,1060.6484375,1319.324951171875,1334.5,1315.5999755859375,1316.0,1257120
2018-01-04,1068.0650634765625,1328.550048828125,1331.0,1320.0,1325.0,913082
2018-01-05,1080.96826171875,1344.5999755859375,1349.75,1325.0,1325.0,1153706
2018-01-08,1091.0977783203125,1357.199951171875,1363.425048828125,1340.925048828125,1350.0,1242220
2018-01-09,1088.9273681640625,1354.5,1360.5,1338.2750244140625,1357.5,2149396
2018-01-10,1128.1585693359375,1403.300048828125,1408.0,1347.324951171875,1355.5,3365850
2018-01-11,1121.68701171875,1395.25,1410.949951171875,1391.0999755859375,1405.0,2520744
2018-01-12,1115.99951171875,1388.175048828125,1402.5,1370.2750244140625,1402.5,3360314
2018-01-15,1103.8402099609375,1373.050048828125,1404.0,1367.5250244140625,1388.574951171875,1457214
2018-01-16,1145.9462890625,1425.425048828125,1430.824951171875,1375.2750244140625,1378.0,4267752
2018-01-17,1161.2606201171875,1444.4749755859375,1462.5,1431.074951171875,1435.0,4280806
2018-01-18,1173.018310546875,1459.0999755859375,1466.5,1434.0250244140625,1448.5,2209478
2018-01-19,1189.53955078125,1479.6500244140625,1491.0,1451.824951171875,1465.2750244140625,1820000
2018-01-22,1255.658203125,1558.199951171875,1567.3499755859375,1461.0,1480.5,4367110
2018-01-23,1249.8564453125,1551.0,1571.175048828125,1545.0250244140625,1557.4749755859375,3239610
2018-01-24,1279.1083984375,1587.300048828125,1629.5250244140625,1541.324951171875,1545.0,5621538
2018-01-25,1257.5316162109375,1560.5250244140625,1589.9000244140625,1540.5,1587.5,3833844
2018-01-29,1288.879150390625,1599.425048828125,1612.5,1561.0,1565.699951171875,3141060
2018-01-30,1270.3447265625,1576.425048828125,1601.9000244140625,1571.8499755859375,1590.0,1574758
2018-01-31,1254.0264892578125,1556.175048828125,1575.0,1549.300048828125,1568.5,3043214
2018-02-01,1264.6031494140625,1569.300048828125,1595.0,1544.4000244140625,1562.0,2400630
2018-02-02,1270.6671142578125,1576.824951171875,1595.0,1551.7249755859375,1560.0,2456490
2018-02-05,1250.3397216796875,1551.5999755859375,1594.0,1538.425048828125,1555.0,2757742
2018-02-06,1207.650146484375,1498.625,1538.574951171875,1492.5,1505.0,2657306
2018-02-07,1190.647216796875,1477.5250244140625,1515.5,1473.7249755859375,1513.5,2180324
2018-02-08,1198.36279296875,1487.0999755859375,1513.800048828125,1479.5,1489.875,2755004
2018-02-09,1197.355712890625,1485.8499755859375,1497.0,1448.324951171875,1475.0,2102458
2018-02-12,1195.5831298828125,1483.6500244140625,1511.675048828125,1477.7750244140625,1489.1500244140625,1974562
2018-02-14,1173.2208251953125,1455.9000244140625,1487.2249755859375,1446.25,1485.0,2847532
2018-02-15,1178.8817138671875,1462.925048828125,1471.5,1452.550048828125,1465.9749755859375,2465236
2018-02-16,1181.782958984375,1466.5250244140625,1499.800048828125,1461.5,1461.5,2515756
2018-02-19,1177.9752197265625,1461.800048828125,1476.6500244140625,1447.5999755859375,1472.5,1568224
2018-02-20,1186.4969482421875,1472.375,1492.5250244140625,1463.949951171875,1464.0,1889068
2018-02-21,1225.8018798828125,1521.1500244140625,1531.300048828125,1480.0250244140625,1487.0,3089228
2018-02-22,1228.9852294921875,1525.0999755859375,1539.5,1511.25,1526.0,3463010
2018-02-23,1239.300048828125,1537.9000244140625,1544.5,1496.050048828125,1525.0,3362500
2018-02-26,1221.531005859375,1515.8499755859375,1544.9749755859375,1510.5999755859375,1537.5,1363882
2018-02-27,1225.822265625,1521.175048828125,1539.2750244140625,1516.0,1520.5,1717800
2018-02-28,1222.8807373046875,1517.5250244140625,1531.9749755859375,1510.7249755859375,1517.5,2706864
2018-03-01,1223.94873046875,1518.8499755859375,1530.5999755859375,1510.0,1524.5,1718124
2018-03-05,1251.4073486328125,1552.925048828125,1556.824951171875,1516.4749755859375,1524.5,2858168
2018-03-06,1226.00341796875,1521.4000244140625,1563.5,1515.074951171875,1561.0,1906764
2018-03-07,1219.818603515625,1513.7249755859375,1544.5,1509.25,1535.0,1917772
2018-03-08,1210.3499755859375,1501.9749755859375,1527.449951171875,1493.75,1527.449951171875,1951826
2018-03-09,1222.497802734375,1517.050048828125,1531.5999755859375,1488.5999755859375,1502.5,1872436
2018-03-12,1229.7705078125,1526.074951171875,1541.949951171875,1517.75,1521.5,2091340
2018-03-13,1163.1480712890625,1443.4000244140625,1469.8499755859375,1436.0,1462.449951171875,88067154
2018-03-14,1163.18798828125,1443.449951171875,1461.5250244140625,1437.5250244140625,1446.4749755859375,3668668
2018-03-15,1156.25830078125,1434.8499755859375,1451.2750244140625,1427.800048828125,1447.5,2348906
2018-03-16,1138.5296630859375,1412.8499755859375,1436.0,1402.5,1434.4000244140625,7197482
2018-03-19,1140.6650390625,1415.5,1424.0,1410.0,1414.5,3489940
2018-03-20,1154.303955078125,1432.425048828125,1436.5999755859375,1409.5,1410.0,4024984
2018-03-21,1151.0404052734375,1428.375,1442.1500244140625,1425.0,1436.25,3907678
2018-03-22,1140.805908203125,1415.675048828125,1437.9749755859375,1411.2750244140625,1429.9749755859375,2326094
2018-03-23,1135.48779296875,1409.074951171875,1417.050048828125,1399.0250244140625,1401.0,3654122
2018-03-26,1135.0244140625,1408.5,1413.699951171875,1390.7750244140625,1409.5,2964210
2018-03-27,1147.3939208984375,1423.8499755859375,1431.5,1411.5250244140625,1412.5,2494574
2018-03-28,1147.977783203125,1424.574951171875,1437.5,1412.5,1417.949951171875,6865654
2018-04-02,1172.3543701171875,1454.824951171875,1457.0,1420.0,1420.0,1662988
2018-04-03,1172.99951171875,1455.625,1464.949951171875,1446.050048828125,1446.050048828125,1937290
2018-04-04,1172.8582763671875,1455.449951171875,1467.0,1446.0,1464.7249755859375,2841820
2018-04-05,1191.815673828125,1478.9749755859375,1481.875,1460.175048828125,1463.2750244140625,1809424
2018-04-06,1188.733642578125,1475.1500244140625,1480.0,1463.2750244140625,1477.0,1129018
2018-04-09,1178.0963134765625,1461.949951171875,1481.75,1457.5,1469.8499755859375,1235866
2018-04-10,1183.616455078125,1468.800048828125,1478.625,1462.8499755859375,1462.8499755859375,1184532
2018-04-11,1214.4599609375,1507.074951171875,1512.5,1472.800048828125,1475.300048828125,3124416
2018-04-12,1264.86474609375,1569.625,1575.0,1503.9749755859375,1505.0,6114360
2018-04-13,1270.526123046875,1576.6500244140625,1620.4000244140625,1566.050048828125,1575.0,8179118
2018-04-16,1284.3665771484375,1593.824951171875,1599.9749755859375,1555.375,1558.0,6270274
2018-04-17,1275.8848876953125,1583.300048828125,1597.4749755859375,1573.5999755859375,1593.824951171875,3301724
2018-04-18,1272.8629150390625,1579.550048828125,1596.7249755859375,1572.925048828125,1583.0,2433066
2018-04-19,1285.7762451171875,1595.574951171875,1608.5999755859375,1582.875,1589.949951171875,4820952
2018-04-20,1370.913330078125,1701.2249755859375,1711.175048828125,1620.0,1625.0,18465662
2018-04-23,1373.411376953125,1704.324951171875,1778.949951171875,1694.7750244140625,1712.0,15185910
2018-04-24,1364.14453125,1692.824951171875,1721.574951171875,1671.25,1705.0,8314336
2018-04-25,1398.23095703125,1735.125,1741.5,1682.5250244140625,1692.5,8196574
2018-04-26,1426.032958984375,1769.625,1780.0,1733.5,1733.5,12135034
2018-04-27,1390.85791015625,1725.9749755859375,1772.0,1710.0,1762.5,4501330
2018-04-30,1423.1522216796875,1766.050048828125,1774.5,1718.800048828125,1725.9749755859375,3458558
2018-05-02,1410.1175537109375,1749.875,1766.0999755859375,1735.6500244140625,1765.25,3158046
2018-05-03,1402.9051513671875,1740.925048828125,1763.0,1735.199951171875,1754.9000244140625,3761550
2018-05-04,1402.46240234375,1740.375,1748.5,1735.0,1746.0,2347244
2018-05-07,1378.367431640625,1710.4749755859375,1745.0,1705.449951171875,1745.0,3484426
2018-05-08,1386.5262451171875,1720.5999755859375,1743.25,1698.3499755859375,1717.3499755859375,2992820
2018-05-09,1405.9071044921875,1744.6500244140625,1747.375,1720.0999755859375,1720.0999755859375,2615050
2018-05-10,1390.5758056640625,1725.625,1755.574951171875,1720.0999755859375,1751.4749755859375,3858678
2018-05-11,1392.87255859375,1728.4749755859375,1742.5,1721.25,1727.0999755859375,2627876
2018-05-14,1383.444091796875,1716.7750244140625,1735.5,1705.4000244140625,1728.5,2433894
2018-05-15,1403.1265869140625,1741.199951171875,1747.9000244140625,1716.8499755859375,1725.0,1952890
2018-05-16,1407.7601318359375,1746.949951171875,1754.5,1737.625,1739.9749755859375,1648450
2018-05-17,1406.9140625,1745.9000244140625,1766.574951171875,1738.0,1756.4749755859375,2968048
2018-05-18,1411.0443115234375,1751.0250244140625,1758.8499755859375,1729.0,1740.4000244140625,1874996
2018-05-21,1433.0843505859375,1778.375,1796.0,1759.0250244140625,1764.3499755859375,3446178
2018-05-22,1413.804443359375,1754.449951171875,1787.4749755859375,1746.8499755859375,1779.0,1857416
2018-05-23,1408.24365234375,1747.550048828125,1772.5,1740.5,1762.5,1507298
2018-05-24,1452.0010986328125,1801.8499755859375,1807.5,1751.175048828125,1755.0,2962316
2018-05-25,1444.7889404296875,1792.9000244140625,1837.4000244140625,1786.2750244140625,1812.5,3769772
2018-05-28,1411.0443115234375,1751.0250244140625,1808.25,1743.0,1808.25,3716798
2018-05-29,1419.6868896484375,1761.75,1772.0,1744.0,1764.949951171875,3525312
2018-05-30,1415.899658203125,1757.050048828125,1766.5,1741.25,1754.5250244140625,3779106
2018-05-31,1414.6805419921875,1741.050048828125,1759.050048828125,1726.0999755859375,1734.0,5049371
2018-06-01,1407.692626953125,1732.449951171875,1757.5,1716.300048828125,1754.0,1603856
2018-06-04,1417.2808837890625,1744.25,1749.0,1712.5999755859375,1745.0,1681483
2018-06-05,1398.8765869140625,1721.5999755859375,1751.9000244140625,1711.1500244140625,1744.0,2449568
2018-06-06,1402.2486572265625,1725.75,1734.9000244140625,1715.199951171875,1723.0,2236512
2018-06-07,1410.21142578125,1735.550048828125,1749.0,1723.800048828125,1725.0,2414762
2018-06-08,1419.5966796875,1747.0999755859375,1757.300048828125,1735.0,1735.0,2582138
2018-06-11,1421.708984375,1749.699951171875,1763.0,1743.0,1747.0999755859375,2179378
2018-06-12,1447.141845703125,1781.0,1785.0,1753.0,1757.0,4608875
2018-06-13,1482.162353515625,1824.0999755859375,1831.6500244140625,1798.0,1816.0,5370983
2018-06-14,1452.4638671875,1787.550048828125,1832.300048828125,1784.0,1830.0,3819998
2018-06-15,1495.122314453125,1840.050048828125,1847.0999755859375,1788.5999755859375,1800.0,9183574
2018-06-18,1486.143798828125,1829.0,1867.949951171875,1822.1500244140625,1867.949951171875,4674987
2018-06-19,1482.4874267578125,1824.5,1839.0,1821.0,1822.1500244140625,3245034
2018-06-20,1480.8216552734375,1822.449951171875,1836.300048828125,1818.5999755859375,1832.0,3107695
2018-06-21,1478.3028564453125,1819.3499755859375,1832.0,1817.5999755859375,1832.0,2910659
2018-06-22,1470.5426025390625,1809.800048828125,1827.0,1799.550048828125,1827.0,2949458
2018-06-25,1478.2213134765625,1819.25,1822.3499755859375,1806.0,1811.9000244140625,2083217
2018-06-26,1504.8323974609375,1852.0,1861.0,1821.0,1823.0,4679712
2018-06-27,1509.7073974609375,1858.0,1885.1500244140625,1851.25,1860.0,4081208
2018-06-28,1497.27587890625,1842.699951171875,1871.0,1826.300048828125,1865.0,4888125
2018-06-29,1501.379150390625,1847.75,1867.4000244140625,1842.300048828125,1844.9000244140625,3506276
2018-07-02,1504.30419921875,1851.3499755859375,1857.800048828125,1841.0999755859375,1852.0,2650290
2018-07-03,1522.7490234375,1874.050048828125,1879.9000244140625,1857.050048828125,1859.949951171875,3242233
2018-07-04,1516.329833984375,1866.1500244140625,1879.9000244140625,1857.1500244140625,1879.9000244140625,2700614
2018-07-05,1527.8275146484375,1880.300048828125,1887.5,1862.0999755859375,1873.0,2472571
2018-07-06,1554.3570556640625,1912.949951171875,1921.0,1881.6500244140625,1882.8499755859375,3713781
2018-07-09,1530.021240234375,1883.0,1924.4000244140625,1876.5,1924.0,6151747
2018-07-10,1523.6019287109375,1875.0999755859375,1898.9000244140625,1870.75,1898.0,5303302
2018-07-11,1608.756591796875,1979.9000244140625,1998.0,1894.1500244140625,1900.0,22903802
2018-07-12,1601.809814453125,1971.3499755859375,1990.9000244140625,1960.5,1984.0,6921701
2018-07-13,1609.731689453125,1981.0999755859375,1997.9000244140625,1974.0,1975.0,4148185
2018-07-16,1616.3134765625,1989.199951171875,1996.0,1977.449951171875,1990.0,2582159
2018-07-17,1630.1138916015625,2002.1500244140625,2009.0,1981.0,1989.0,3315492
2018-07-18,1628.5670166015625,2000.25,2011.699951171875,1993.050048828125,2005.0,2013869
2018-07-19,1613.219482421875,1981.4000244140625,2010.449951171875,1970.0,2002.0999755859375,1746318
2018-07-20,1625.594970703125,1996.5999755859375,2000.0,1984.0,1984.9000244140625,1934995
2018-07-23,1632.963623046875,2005.6500244140625,2009.949951171875,1986.0,2001.0,2086201
2018-07-24,1627.5491943359375,1999.0,2015.0,1984.1500244140625,2015.0,2038423
2018-07-25,1613.3011474609375,1981.5,2002.0,1968.4000244140625,2001.9000244140625,1535492
2018-07-26,1599.62255859375,1964.699951171875,1985.0,1955.0999755859375,1974.949951171875,3503036
2018-07-27,1582.5657958984375,1943.75,1964.6500244140625,1940.300048828125,1960.8499755859375,2033977
2018-07-30,1583.2578125,1944.5999755859375,1954.699951171875,1931.550048828125,1943.0,1579251
2018-07-31,1579.675537109375,1940.199951171875,1947.0,1928.0,1942.0,2204803
2018-08-01,1609.23046875,1976.5,1981.550048828125,1949.800048828125,1949.949951171875,2425180
2018-08-02,1586.3514404296875,1948.4000244140625,1985.0,1945.0,1980.0,1509287
2018-08-03,1611.6319580078125,1979.449951171875,1982.050048828125,1956.5,1956.5,1505131
2018-08-06,1608.4566650390625,1975.550048828125,1998.949951171875,1972.25,1997.0,1532249
2018-08-07,1601.780517578125,1967.3499755859375,1979.1500244140625,1960.5,1978.199951171875,1353521
2018-08-08,1607.1947021484375,1974.0,1978.300048828125,1962.0,1972.0,1315062
2018-08-09,1607.4794921875,1974.3499755859375,1980.800048828125,1966.0,1980.0,2060297
2018-08-10,1622.74560546875,1993.0999755859375,1996.5,1972.050048828125,1980.949951171875,2784105
2018-08-13,1628.4853515625,2000.1500244140625,2004.25,1990.0,1997.800048828125,3559575
2018-08-14,1631.2537841796875,2003.550048828125,2024.5999755859375,1982.4000244140625,1992.0,3311765
2018-08-16,1635.2840576171875,2008.5,2020.050048828125,1995.0,2000.300048828125,2152065
2018-08-17,1638.743896484375,2012.75,2021.9000244140625,2004.0,2013.8499755859375,1213731
2018-08-20,1636.4642333984375,2009.949951171875,2024.0,2003.699951171875,2024.0,1587032
2018-08-21,1642.733642578125,2017.6500244140625,2024.0,2004.0,2010.1500244140625,1376866
2018-08-23,1656.94091796875,2035.0999755859375,2038.0,2020.300048828125,2022.800048828125,3046791
2018-08-24,1663.3731689453125,2043.0,2046.0,2031.0,2035.0999755859375,1570533
2018-08-27,1669.80517578125,2050.89990234375,2059.0,2035.0,2043.0,1532702
2018-08-28,1684.70458984375,2069.199951171875,2072.0,2052.0,2055.0,1987983
2018-08-29,1686.984619140625,2072.0,2076.60009765625,2045.5999755859375,2072.5,1525867
2018-08-30,1695.451904296875,2082.39990234375,2085.0,2065.5,2068.0,2408020
2018-08-31,1692.1951904296875,2078.39990234375,2092.0,2074.0,2082.300048828125,2504554
2018-09-03,1671.433349609375,2052.89990234375,2090.0,2048.39990234375,2084.800048828125,1439711
2018-09-04,1708.8861083984375,2098.89990234375,2104.75,2056.949951171875,2059.800048828125,4420803
2018-09-05,1692.88720703125,2079.25,2107.25,2075.050048828125,2100.0,1681106
2018-09-06,1689.6708984375,2075.300048828125,2081.5,2060.300048828125,2075.0,2238097
2018-09-07,1693.3759765625,2079.85009765625,2084.0,2065.39990234375,2079.300048828125,1312182
2018-09-10,1694.1087646484375,2080.75,2093.39990234375,2074.25,2084.39990234375,1530539
2018-09-11,1666.0194091796875,2046.25,2089.0,2042.199951171875,2089.0,3679745
2018-09-12,1664.1466064453125,2043.949951171875,2068.89990234375,2040.0,2052.35009765625,2307661
2018-09-14,1681.6109619140625,2065.39990234375,2071.550048828125,2018.1500244140625,2044.0,3642038
2018-09-17,1688.73486328125,2074.14990234375,2077.800048828125,2054.550048828125,2070.0,1033857
2018-09-18,1685.96630859375,2070.75,2078.800048828125,2057.60009765625,2073.0,1456507
2018-09-19,1691.787841796875,2077.89990234375,2089.0,2066.85009765625,2071.89990234375,1301268
2018-09-21,1712.34619140625,2103.14990234375,2121.0,2050.14990234375,2077.0,4508530
2018-09-24,1789.93798828125,2198.449951171875,2210.5,2098.14990234375,2115.0,3032226
2018-09-25,1777.521484375,2183.199951171875,2211.89990234375,2153.800048828125,2204.89990234375,2868778
2018-09-26,1744.0994873046875,2142.14990234375,2199.0,2135.10009765625,2187.0,1970951
2018-09-27,1782.1219482421875,2188.85009765625,2209.699951171875,2135.800048828125,2141.89990234375,3311802
2018-09-28,1777.928466796875,2183.699951171875,2190.0,2158.85009765625,2178.0,2904371
2018-10-01,1836.4271240234375,2255.550048828125,2275.949951171875,2190.35009765625,2190.89990234375,3772208
2018-10-03,1760.9532470703125,2162.85009765625,2255.0,2155.60009765625,2250.300048828125,3902322
2018-10-04,1681.1220703125,2064.800048828125,2156.64990234375,2056.35009765625,2156.60009765625,4762419
2018-10-05,1711.939208984375,2102.64990234375,2120.0,2020.9000244140625,2050.0,3417624
2018-10-08,1691.503173828125,2077.550048828125,2122.199951171875,2048.14990234375,2102.64990234375,2010154
2018-10-09,1703.1055908203125,2091.800048828125,2107.64990234375,2053.199951171875,2080.35009765625,1867130
2018-10-10,1663.8614501953125,2043.5999755859375,2105.949951171875,2029.0,2100.0,2749573
2018-10-11,1612.0391845703125,1979.949951171875,2013.0,1941.0,1985.0,4700256
2018-10-12,1561.8446044921875,1918.300048828125,1978.0,1903.0,1978.0,9373289
2018-10-15,1587.247314453125,1949.5,1955.550048828125,1920.0,1940.0,2638151
2018-10-16,1597.6690673828125,1962.300048828125,1971.9000244140625,1935.0,1958.0,2815425
2018-10-17,1570.8822021484375,1929.4000244140625,1989.0,1920.0,1970.0,2779207
2018-10-19,1557.692138671875,1913.199951171875,1929.0,1870.050048828125,1929.0,3428776
2018-10-22,1549.3878173828125,1903.0,1916.0,1886.949951171875,1914.0,1778496
2018-10-23,1504.2279052734375,1843.6500244140625,1898.0,1837.0,1888.0,2752811
2018-10-24,1508.184814453125,1848.5,1874.0,1811.0999755859375,1852.050048828125,2735913
2018-10-25,1511.856689453125,1853.0,1876.9000244140625,1825.050048828125,1844.0,2507233
2018-10-26,1467.879638671875,1799.0999755859375,1853.9000244140625,1791.0999755859375,1853.9000244140625,2285970
2018-10-29,1526.5426025390625,1871.0,1877.949951171875,1784.3499755859375,1808.699951171875,2609483
2018-10-30,1545.961181640625,1894.800048828125,1909.4000244140625,1845.0,1867.0,2404883
2018-10-31,1581.3299560546875,1938.1500244140625,1943.9000244140625,1875.449951171875,1900.0,2769190
2018-11-01,1579.3720703125,1935.75,1944.3499755859375,1901.300048828125,1943.6500244140625,2769759
2018-11-02,1561.177490234375,1913.449951171875,1954.5999755859375,1905.0,1934.199951171875,1818635
2018-11-05,1542.73828125,1890.8499755859375,1927.3499755859375,1884.75,1910.0,1713366
2018-11-06,1576.8834228515625,1932.699951171875,1937.5,1891.0,1894.0,1398710
2018-11-07,1584.5936279296875,1942.1500244140625,1949.0,1937.0,1940.0,144530
2018-11-09,1557.7095947265625,1909.199951171875,1961.949951171875,1905.0,1961.0,2570479
2018-11-12,1562.3194580078125,1914.8499755859375,1946.0999755859375,1908.5,1908.5,2552008
2018-11-13,1578.7191162109375,1934.949951171875,1939.0,1903.0,1915.0,1418432
2018-11-14,1534.416015625,1880.6500244140625,1929.9000244140625,1870.0,1925.0,2422318
2018-11-15,1528.0518798828125,1872.8499755859375,1899.0,1857.5999755859375,1864.0,1829123
2018-11-16,1539.2708740234375,1886.5999755859375,1899.800048828125,1870.25,1889.0,1829729
2018-11-19,1552.20263671875,1902.449951171875,1907.3499755859375,1864.300048828125,1899.0,1740628
2018-11-20,1532.4578857421875,1878.25,1902.0,1874.199951171875,1902.0,1190182
2018-11-21,1478.4051513671875,1812.0,1871.050048828125,1798.550048828125,1871.0,3840461
2018-11-22,1478.853515625,1812.550048828125,1847.5999755859375,1809.949951171875,1820.0,3194219
2018-11-26,1506.22705078125,1846.0999755859375,1860.0,1784.5,1819.0,4333177
2018-11-27,1542.248779296875,1890.25,1897.9000244140625,1835.3499755859375,1854.0,3344839
2018-11-28,1618.657470703125,1983.9000244140625,1989.0,1882.5,1889.0,5313249
2018-11-29,1599.6060791015625,1960.550048828125,1997.0,1942.550048828125,1997.0,4035441
2018-11-30,1605.8887939453125,1968.25,1991.0,1959.8499755859375,1966.0,5268901
2018-12-03,1617.433349609375,1982.4000244140625,1990.0,1968.300048828125,1984.0,1610576
2018-12-04,1640.6455078125,2010.8499755859375,2019.4000244140625,1971.0,1983.0,3270615
2018-12-05,1637.30078125,2006.75,2018.0,1985.0,2006.0,2501539
2018-12-06,1625.8372802734375,1992.699951171875,2017.0,1979.5999755859375,1998.0,2321216
2018-12-07,1627.8770751953125,1995.199951171875,2003.9000244140625,1973.0,1985.050048828125,1680420
2018-12-10,1612.0487060546875,1975.800048828125,2011.0,1960.0,1975.0,2010786
2018-12-11,1631.7933349609375,2000.0,2010.0,1961.0,1970.0,2942014
2018-12-12,1645.5003662109375,2016.800048828125,2022.0,1984.949951171875,2001.0999755859375,2219993
2018-12-13,1617.5965576171875,1982.5999755859375,2029.699951171875,1974.5,2024.0,3748429
2018-12-14,1623.4305419921875,1989.75,1998.949951171875,1975.25,1983.0,2473761
2018-12-17,1627.1427001953125,1994.300048828125,2004.9000244140625,1985.0,1999.0,1227921
2018-12-18,1621.8802490234375,1987.8499755859375,2002.0,1976.4000244140625,1991.9000244140625,1768742
2018-12-19,1606.0518798828125,1968.449951171875,1984.800048828125,1960.050048828125,1984.800048828125,2498833
2018-12-20,1594.3031005859375,1954.050048828125,1974.9000244140625,1946.0,1953.800048828125,1940277
2018-12-21,1546.7772216796875,1895.800048828125,1950.0,1886.550048828125,1948.0,3729956
2018-12-24,1565.2977294921875,1918.5,1938.9000244140625,1905.0,1905.800048828125,1864116
2018-12-26,1541.39208984375,1889.199951171875,1921.800048828125,1870.25,1921.800048828125,2446614
2018-12-27,1557.5057373046875,1908.949951171875,1941.699951171875,1872.0999755859375,1909.0,4968201
2018-12-28,1546.9808349609375,1896.050048828125,1920.0,1893.0,1915.0,2239130
2018-12-31,1544.533447265625,1893.050048828125,1909.0,1886.1500244140625,1908.0,1879740
2019-01-01,1552.488037109375,1902.800048828125,1910.0,1885.0,1896.0,1094883
2019-01-02,1569.2139892578125,1923.300048828125,1934.449951171875,1900.0,1905.0,2100463
2019-01-03,1550.1627197265625,1899.949951171875,1944.949951171875,1893.0999755859375,1919.0,2611668
2019-01-04,1531.3154296875,1876.8499755859375,1901.199951171875,1841.0,1900.0,4280862
2019-01-07,1548.4901123046875,1897.9000244140625,1908.800048828125,1881.0,1891.800048828125,1856423
2019-01-08,1544.9412841796875,1893.550048828125,1906.4000244140625,1883.300048828125,1905.4000244140625,1691756
2019-01-09,1539.5562744140625,1886.949951171875,1919.0,1866.699951171875,1907.4000244140625,2414376
2019-01-10,1540.86181640625,1888.550048828125,1905.0,1872.0999755859375,1890.0,3053461
2019-01-11,1503.3306884765625,1842.550048828125,1875.0,1835.0,1870.0,9209862
2019-01-14,1479.4246826171875,1813.25,1851.0,1810.0,1850.0,3615370
2019-01-15,1523.931884765625,1867.800048828125,1869.3499755859375,1808.0,1810.0,7711653
2019-01-16,1525.84912109375,1870.1500244140625,1875.0,1847.0,1870.0,2359280
2019-01-17,1548.865966796875,1894.300048828125,1898.0,1871.300048828125,1878.0,2625816
2019-01-18,1554.057861328125,1900.6500244140625,1904.199951171875,1876.0,1881.0,1683728
2019-01-21,1560.6397705078125,1908.699951171875,1932.0,1895.449951171875,1902.0,2409803
2019-01-22,1555.0802001953125,1901.9000244140625,1918.25,1890.0,1907.0999755859375,2457093
2019-01-23,1533.57568359375,1875.5999755859375,1906.0999755859375,1870.0,1901.0,2578169
2019-01-24,1554.7939453125,1901.550048828125,1905.25,1875.0,1884.800048828125,1962927
2019-01-25,1570.5335693359375,1920.800048828125,1935.0,1901.0,1902.0,2327080
2019-01-28,1598.496826171875,1955.0,1962.0,1925.5,1933.0,2769033
2019-01-29,1621.1864013671875,1982.75,1989.050048828125,1936.6500244140625,1962.0,2557626
2019-01-30,1620.0831298828125,1981.4000244140625,1989.5,1954.6500244140625,1979.5999755859375,2429575
2019-01-31,1646.8203125,2014.0999755859375,2019.75,1985.0,1987.0,4094319
2019-02-01,1659.7796630859375,2029.949951171875,2034.75,1998.0999755859375,2009.5,3064163
2019-02-04,1676.377685546875,2050.25,2055.449951171875,2023.0,2029.949951171875,1590764
2019-02-05,1671.7171630859375,2044.550048828125,2055.0,2028.0,2050.0,1111404
2019-02-06,1696.451171875,2074.800048828125,2086.85009765625,2041.050048828125,2049.89990234375,1789812
2019-02-07,1703.073486328125,2082.89990234375,2097.949951171875,2067.0,2074.75,1339945
2019-02-08,1685.4942626953125,2061.39990234375,2089.5,2051.0,2075.0,1684474
2019-02-11,1689.173828125,2065.89990234375,2096.0,2048.89990234375,2060.0,1778730
2019-02-12,1677.481689453125,2051.60009765625,2070.0,2018.0,2070.0,2422903
2019-02-14,1671.7579345703125,2044.5999755859375,2075.0,2033.050048828125,2060.050048828125,1724085
2019-02-15,1659.5751953125,2029.699951171875,2052.0,2010.949951171875,2049.0,1930065
2019-02-18,1611.007080078125,1970.300048828125,2041.949951171875,1962.6500244140625,2037.5999755859375,2942184
2019-02-19,1557.4510498046875,1904.800048828125,1971.0,1892.0,1970.0,4408554
2019-02-20,1565.5865478515625,1914.75,1933.800048828125,1881.300048828125,1915.0,4645778
2019-02-21,1565.1370849609375,1914.199951171875,1940.0,1897.050048828125,1914.75,4683919
2019-02-22,1574.4990234375,1925.6500244140625,1930.0,1905.0999755859375,1917.199951171875,2271955
2019-02-25,1623.1490478515625,1985.1500244140625,1990.0,1930.5,1932.5,2934880
2019-02-26,1666.933837890625,2038.699951171875,2045.1500244140625,1972.25,1984.0,6453309
2019-02-27,1682.79638671875,2058.10009765625,2074.949951171875,2022.0,2040.0,4732082
2019-02-28,1621.7586669921875,1983.449951171875,2071.35009765625,1977.5999755859375,2060.0,8454295
2019-03-01,1631.529541015625,1995.4000244140625,2005.0,1980.3499755859375,1995.050048828125,4148548
2019-03-05,1625.5611572265625,1988.0999755859375,2007.0,1976.5999755859375,2005.0,2449622
2019-03-06,1634.9638671875,1999.5999755859375,2015.0,1985.050048828125,1989.300048828125,2635047
2019-03-07,1646.166015625,2013.300048828125,2024.050048828125,2000.199951171875,2005.0,2539884
2019-03-08,1653.8516845703125,2022.699951171875,2033.0,2010.050048828125,2025.0,2031071
2019-03-11,1647.3919677734375,2014.800048828125,2033.0,2003.6500244140625,2028.9000244140625,3111689
2019-03-12,1645.4705810546875,2012.449951171875,2024.800048828125,2003.0,2014.050048828125,2658550
2019-03-13,1635.699951171875,2000.5,2015.9000244140625,1978.5999755859375,2013.0,1833163
2019-03-14,1624.98876953125,1987.4000244140625,2007.800048828125,1981.0,2004.949951171875,1905495
2019-03-15,1667.9560546875,2039.949951171875,2068.949951171875,1991.0,1998.9000244140625,5184318
2019-03-18,1653.9334716796875,2022.800048828125,2064.60009765625,2011.0,2043.0,2349915
2019-03-19,1653.9334716796875,2022.800048828125,2030.0,1995.0999755859375,2030.0,2373993
2019-03-20,1647.5968017578125,2015.050048828125,2044.800048828125,2000.0,2028.0,3091165
2019-03-22,1639.910888671875,2005.6500244140625,2016.0,1983.300048828125,2015.0,3148149
2019-03-25,1622.4127197265625,1984.25,2007.800048828125,1977.199951171875,2007.800048828125,2429205
2019-03-26,1621.1051025390625,1982.6500244140625,1994.949951171875,1958.050048828125,1984.0,2316539
2019-03-27,1609.0445556640625,1967.9000244140625,1998.0,1961.0,1994.0,2266166
2019-03-28,1635.5362548828125,2000.300048828125,2014.5999755859375,1972.800048828125,1980.0,4054489
2019-04-01,1661.1693115234375,2031.6500244140625,2039.949951171875,2008.25,2010.0,2095740
2019-04-02,1700.1302490234375,2079.300048828125,2086.0,2037.0,2037.0999755859375,3719663
2019-04-03,1700.1302490234375,2079.300048828125,2089.60009765625,2058.10009765625,2085.0,2939886
2019-04-04,1647.1470947265625,2014.5,2079.699951171875,2007.4000244140625,2078.14990234375,4397518
2019-04-05,1674.78369140625,2048.300048828125,2054.39990234375,2018.800048828125,2028.6500244140625,3152103
2019-04-08,1693.1392822265625,2070.75,2075.0,2032.699951171875,2059.0,2194294
2019-04-09,1710.1055908203125,2091.5,2098.0,2057.64990234375,2070.0,2690970
2019-04-10,1668.201171875,2040.25,2085.5,2036.0,2083.0,3313062
2019-04-11,1651.2354736328125,2019.5,2055.0,2013.6500244140625,2045.0,3422442
2019-04-12,1647.1470947265625,2014.5,2039.0,2007.0,2038.0,3198471
2019-04-15,1727.93017578125,2113.300048828125,2119.800048828125,2041.0,2070.0,9189201
2019-04-16,1743.0567626953125,2131.800048828125,2155.949951171875,2115.550048828125,2120.0,5771952
2019-04-18,1757.9786376953125,2150.050048828125,2155.0,2114.199951171875,2149.89990234375,3413728
2019-04-22,1767.299560546875,2161.449951171875,2176.0,2145.60009765625,2148.0,2007135
2019-04-23,1762.0673828125,2155.050048828125,2165.5,2134.050048828125,2163.0,2163524
2019-04-24,1785.2879638671875,2183.449951171875,2195.0,2156.10009765625,2158.0,3003071
2019-04-25,1794.73193359375,2195.0,2205.0,2168.050048828125,2175.0,4211526
2019-04-26,1830.3404541015625,2238.550048828125,2243.949951171875,2193.14990234375,2203.0,2716958
2019-04-30,1848.1649169921875,2260.35009765625,2266.949951171875,2230.10009765625,2238.550048828125,3488395
2019-05-02,1811.411865234375,2215.39990234375,2259.39990234375,2211.10009765625,2255.0,2457699
2019-05-03,1743.2198486328125,2132.0,2186.050048828125,2125.0,2185.0,3780886
2019-05-06,1764.3565673828125,2157.85009765625,2165.0,2108.5,2110.0,2891422
2019-05-07,1759.5322265625,2151.949951171875,2184.35009765625,2138.800048828125,2160.050048828125,2201698
2019-05-08,1760.26806640625,2152.85009765625,2168.0,2130.39990234375,2151.0,1824895
2019-05-09,1776.3753662109375,2172.550048828125,2184.10009765625,2136.10009765625,2145.0,2264162
2019-05-10,1746.3275146484375,2135.800048828125,2192.0,2125.85009765625,2175.0,2039633
2019-05-13,1740.5628662109375,2128.75,2167.0,2121.64990234375,2133.0,1701744
2019-05-14,1710.8006591796875,2092.35009765625,2159.800048828125,2072.35009765625,2135.0,2456110
2019-05-15,1713.2943115234375,2095.39990234375,2124.0,2084.5,2097.0,2346876
2019-05-16,1724.2099609375,2108.75,2124.0,2077.050048828125,2096.0,1946529
2019-05-17,1713.335205078125,2095.449951171875,2135.0,2090.0,2112.60009765625,1947908
2019-05-20,1752.990966796875,2143.949951171875,2151.39990234375,2050.0,2125.0,2625116
2019-05-21,1725.027587890625,2109.75,2148.699951171875,2102.550048828125,2148.050048828125,1863157
2019-05-22,1702.1331787109375,2081.75,2121.949951171875,2075.0,2110.0,2595795
2019-05-23,1679.484619140625,2054.050048828125,2115.35009765625,2050.0,2098.0,2541294
2019-05-24,1674.537353515625,2048.0,2070.0,2032.25,2070.0,2274208
2019-05-27,1680.3837890625,2055.14990234375,2068.949951171875,2040.0999755859375,2054.800048828125,2329820
2019-05-28,1695.592529296875,2073.75,2097.5,2045.0,2060.0,5872979
2019-05-29,1723.228515625,2107.550048828125,2123.699951171875,2077.10009765625,2080.0,3281320
2019-05-30,1754.9124755859375,2146.300048828125,2156.550048828125,2114.39990234375,2123.0,4971725
2019-05-31,1795.9989013671875,2196.550048828125,2204.949951171875,2152.25,2160.0,4265370
2019-06-03,1833.4071044921875,2242.300048828125,2247.64990234375,2185.64990234375,2201.0,3682419
2019-06-04,1799.4471435546875,2183.10009765625,2224.0,2175.0,2224.0,2408658
2019-06-06,1785.43408203125,2166.10009765625,2199.0,2152.0,2199.0,3735467
2019-06-07,1798.3345947265625,2181.75,2189.800048828125,2142.10009765625,2174.0,2659446
2019-06-10,1839.34130859375,2231.5,2235.85009765625,2185.5,2196.699951171875,2080593
2019-06-11,1856.89794921875,2252.800048828125,2263.949951171875,2231.0,2237.0,3048937
2019-06-12,1863.574951171875,2260.89990234375,2266.89990234375,2219.0,2245.0,2404448
2019-06-13,1857.9697265625,2254.10009765625,2285.0,2243.050048828125,2264.0,3320916
2019-06-14,1858.299560546875,2254.5,2263.10009765625,2234.0,2257.25,2131408
2019-06-17,1853.930419921875,2249.199951171875,2262.0,2241.449951171875,2256.0,1489497
2019-06-18,1855.2908935546875,2250.85009765625,2260.0,2231.199951171875,2244.0,1877447
2019-06-19,1862.750732421875,2259.89990234375,2276.0,2243.14990234375,2255.0,1652817
2019-06-20,1877.6280517578125,2277.949951171875,2284.0,2212.0,2230.0,2199377
2019-06-21,1854.46630859375,2249.85009765625,2292.5,2242.0,2285.0,3871804
2019-06-24,1875.608642578125,2275.5,2280.0,2250.800048828125,2254.14990234375,1382424
2019-06-25,1869.2623291015625,2267.800048828125,2274.449951171875,2250.5,2270.0,1386077
2019-06-26,1858.052490234375,2254.199951171875,2266.800048828125,2250.0,2265.0,1762224
2019-06-27,1856.6922607421875,2252.550048828125,2264.0,2241.300048828125,2255.0,2813464
2019-06-28,1835.79638671875,2227.199951171875,2261.949951171875,2222.5,2260.0,2372928
2019-07-01,1845.9769287109375,2239.550048828125,2255.0,2206.60009765625,2235.0,2769940
2019-07-02,1856.321533203125,2252.10009765625,2257.0,2216.449951171875,2244.89990234375,1771746
2019-07-03,1844.41015625,2237.64990234375,2258.800048828125,2232.0,2252.199951171875,1656881
2019-07-04,1848.53125,2242.64990234375,2252.0,2230.10009765625,2234.0,984140
2019-07-05,1782.961669921875,2163.10009765625,2250.0,2140.0,2247.0,4088470
2019-07-08,1793.10009765625,2175.39990234375,2188.800048828125,2132.10009765625,2149.0,2788062
2019-07-09,1758.4398193359375,2133.35009765625,2174.39990234375,2104.550048828125,2174.0,3977224
2019-07-10,1737.70947265625,2108.199951171875,2127.85009765625,2071.300048828125,2080.0,6343581
2019-07-11,1733.0526123046875,2102.550048828125,2129.0,2086.050048828125,2128.0,2400346
2019-07-12,1737.21533203125,2107.60009765625,2119.75,2093.10009765625,2102.10009765625,1560725
2019-07-15,1768.6197509765625,2145.699951171875,2153.60009765625,2098.0,2125.0,2900415
2019-07-16,1739.95068359375,2106.0,2132.5,2100.0,2126.0,2735399
2019-07-17,1749.2454833984375,2117.25,2125.0,2092.10009765625,2108.0,1802969
2019-07-18,1706.8621826171875,2065.949951171875,2116.199951171875,2060.0,2116.199951171875,3072096
2019-07-19,1715.9498291015625,2076.949951171875,2097.0,2062.5,2077.0,1953177
2019-07-22,1743.173095703125,2109.89990234375,2117.449951171875,2068.800048828125,2077.0,1920167
2019-07-23,1745.2796630859375,2112.449951171875,2130.0,2102.39990234375,2127.89990234375,3538588
2019-07-24,1732.349853515625,2096.800048828125,2120.800048828125,2076.5,2110.0,2413196
2019-07-25,1758.0443115234375,2127.89990234375,2135.0,2092.550048828125,2108.89990234375,2544464
2019-07-26,1742.470458984375,2109.050048828125,2129.800048828125,2095.0,2129.800048828125,1720592
2019-07-29,1759.779296875,2130.0,2142.0,2103.300048828125,2110.800048828125,1647090
2019-07-30,1800.3863525390625,2179.14990234375,2185.0,2120.449951171875,2130.0,2851672
2019-07-31,1822.32177734375,2205.699951171875,2211.699951171875,2147.14990234375,2171.75,3000677
2019-08-01,1801.1297607421875,2180.050048828125,2217.5,2166.25,2200.0,2375236
2019-08-02,1821.991455078125,2205.300048828125,2210.0,2165.5,2173.0,2500816
2019-08-05,1857.765380859375,2248.60009765625,2252.25,2195.60009765625,2199.89990234375,3039682
2019-08-06,1829.92236328125,2214.89990234375,2251.949951171875,2211.449951171875,2232.800048828125,2885467
2019-08-07,1828.724853515625,2213.449951171875,2238.5,2207.25,2230.0,2165362
2019-08-08,1865.6141357421875,2258.10009765625,2281.0,2218.89990234375,2228.89990234375,2073298
2019-08-09,1855.82373046875,2246.25,2267.89990234375,2241.35009765625,2260.0,1744550
2019-08-13,1817.1580810546875,2199.449951171875,2246.25,2194.300048828125,2245.0,1647281
2019-08-14,1821.2476806640625,2204.39990234375,2217.85009765625,2167.39990234375,2181.10009765625,1945002
2019-08-16,1788.7786865234375,2165.10009765625,2241.39990234375,2143.25,2241.39990234375,3755507
2019-08-19,1787.0433349609375,2163.0,2186.0,2157.699951171875,2180.0,974884
2019-08-20,1806.665771484375,2186.75,2205.0,2166.5,2172.0,1843611
2019-08-21,1806.211181640625,2186.199951171875,2202.0,2182.25,2184.949951171875,1214408
2019-08-22,1830.83154296875,2216.0,2235.64990234375,2170.0,2187.0,2131601
2019-08-23,1857.0216064453125,2247.699951171875,2259.89990234375,2213.89990234375,2214.949951171875,2826425
2019-08-26,1880.651123046875,2276.300048828125,2282.0,2225.0,2247.0,2345475
2019-08-27,1847.7685546875,2236.5,2274.85009765625,2229.0,2270.0,3432106
2019-08-28,1850.0401611328125,2239.25,2252.14990234375,2216.0,2240.0,1294621
2019-08-29,1845.2484130859375,2233.449951171875,2248.199951171875,2222.199951171875,2222.199951171875,1670652
2019-08-30,1866.853271484375,2259.60009765625,2266.0,2218.0,2241.0,2583625
2019-09-03,1860.2432861328125,2251.60009765625,2296.199951171875,2236.949951171875,2270.0,2545060
2019-09-04,1855.12109375,2245.39990234375,2270.0,2233.0,2265.0,2228092
2019-09-05,1830.2529296875,2215.300048828125,2253.64990234375,2207.300048828125,2242.199951171875,2055943
2019-09-06,1815.5467529296875,2197.5,2233.5,2192.60009765625,2216.0,1890550
2019-09-09,1803.4434814453125,2182.85009765625,2202.85009765625,2179.800048828125,2200.0,1703945
2019-09-11,1779.6077880859375,2154.0,2195.0,2146.550048828125,2186.0,2627440
2019-09-12,1762.7537841796875,2133.60009765625,2165.0,2120.35009765625,2155.0,2118859
2019-09-13,1769.65234375,2141.949951171875,2157.949951171875,2115.550048828125,2135.0,2291174
2019-09-16,1776.3035888671875,2150.0,2173.39990234375,2126.39990234375,2159.949951171875,2597948
2019-09-17,1753.70654296875,2122.64990234375,2156.550048828125,2105.60009765625,2154.949951171875,2796530
2019-09-18,1766.843505859375,2138.550048828125,2142.949951171875,2113.14990234375,2126.39990234375,1454663
2019-09-19,1736.6044921875,2101.949951171875,2135.800048828125,2091.0,2135.0,1652691
2019-09-20,1706.44873046875,2065.449951171875,2129.39990234375,2057.0,2104.89990234375,6941979
2019-09-23,1665.428955078125,2015.800048828125,2099.0,1975.0,2099.0,6323401
2019-09-24,1689.3052978515625,2044.699951171875,2061.0,2013.0,2015.0,4620978
2019-09-25,1725.451171875,2088.449951171875,2092.0,2060.050048828125,2065.0,4002232
2019-09-26,1724.7491455078125,2087.60009765625,2107.0,2063.0,2097.89990234375,4234281
2019-09-27,1698.7652587890625,2056.14990234375,2085.199951171875,2051.39990234375,2085.0,2046795
2019-09-30,1734.415771484375,2099.300048828125,2104.0,2060.0,2061.85009765625,2620039
2019-10-01,1701.90478515625,2059.949951171875,2095.949951171875,2039.699951171875,2095.949951171875,3342877
2019-10-03,1702.1524658203125,2060.25,2081.14990234375,2046.1500244140625,2070.0,2317618
2019-10-04,1717.93310546875,2079.35009765625,2087.949951171875,2054.949951171875,2060.60009765625,2163251
2019-10-07,1691.7841796875,2047.699951171875,2094.5,2041.0,2080.0,2177916
2019-10-09,1668.9813232421875,2020.0999755859375,2060.0,2015.5,2060.0,2066920
2019-10-10,1656.0516357421875,2004.449951171875,2039.050048828125,1997.0999755859375,2028.0,2881452
2019-10-11,1641.5106201171875,1986.8499755859375,1995.0,1925.0,1931.0,12593069
2019-10-14,1669.7247314453125,2021.0,2032.75,1968.0,1995.0,3510704
2019-10-15,1683.1915283203125,2037.300048828125,2047.0,2022.699951171875,2032.0,2261310
2019-10-16,1690.7100830078125,2046.4000244140625,2056.0,2016.0,2038.0,3034082
2019-10-17,1715.6728515625,2030.949951171875,2038.0,1999.300048828125,2014.0,3818774
2019-10-18,1737.9747314453125,2057.35009765625,2063.89990234375,2025.0,2037.5,3087901
2019-10-22,1732.9482421875,2051.39990234375,2111.5,2040.050048828125,2080.0,5552505
2019-10-23,1748.7452392578125,2070.10009765625,2083.85009765625,2052.5,2060.0,2348134
2019-10-24,1758.798095703125,2082.0,2099.0,2061.300048828125,2084.0,2798671
2019-10-25,1795.080810546875,2124.949951171875,2130.0,2075.050048828125,2094.0,3954245
2019-10-27,1787.2664794921875,2115.699951171875,2129.0,2108.800048828125,2129.0,224405
2019-10-29,1854.1298828125,2194.85009765625,2201.699951171875,2121.5,2121.5,5064173
2019-10-30,1903.083740234375,2252.800048828125,2260.0,2176.85009765625,2225.0,5195136
2019-10-31,1917.31787109375,2269.64990234375,2284.949951171875,2237.0,2250.0,4879261
2019-11-01,1859.240478515625,2200.89990234375,2275.0,2195.0,2264.0,4172620
2019-11-04,1853.3692626953125,2193.949951171875,2229.199951171875,2180.89990234375,2207.0,2646411
2019-11-05,1860.042724609375,2201.85009765625,2211.0,2169.0,2197.0,2693475
2019-11-06,1848.7657470703125,2188.5,2210.800048828125,2179.0,2200.0,2540719
2019-11-07,1846.1043701171875,2185.35009765625,2204.5,2175.199951171875,2204.5,1915598
2019-11-08,1799.3045654296875,2129.949951171875,2189.60009765625,2124.0,2189.60009765625,2788759
2019-11-11,1774.80615234375,2100.949951171875,2139.0,2091.0,2135.0,2983768
2019-11-13,1840.4017333984375,2178.60009765625,2183.800048828125,2118.0,2118.0,3823365
2019-11-14,1855.7769775390625,2196.800048828125,2200.0,2146.699951171875,2187.5,2995915
2019-11-15,1836.89599609375,2174.449951171875,2211.5,2168.75,2196.0,2724180
2019-11-18,1818.4384765625,2152.60009765625,2187.75,2148.75,2178.39990234375,1611089
2019-11-19,1781.4375,2108.800048828125,2154.64990234375,2105.0,2153.0,2975313
2019-11-20,1781.226318359375,2108.550048828125,2135.0,2094.5,2121.949951171875,2894129
2019-11-21,1789.2940673828125,2118.10009765625,2126.60009765625,2107.39990234375,2112.0,2052574
2019-11-22,1750.0966796875,2071.699951171875,2107.0,2060.5,2097.0,3742049
2019-11-25,1758.3758544921875,2081.5,2084.949951171875,2052.199951171875,2074.550048828125,2737010
2019-11-26,1728.935791015625,2046.6500244140625,2097.89990234375,2035.050048828125,2089.85009765625,6561580
2019-11-27,1735.39794921875,2054.300048828125,2071.699951171875,2046.550048828125,2052.0,2907521
2019-11-28,1754.869873046875,2077.35009765625,2094.39990234375,2060.0,2067.050048828125,2924429
2019-11-29,1734.5111083984375,2053.25,2085.0,2045.800048828125,2085.0,2064271
2019-12-02,1707.3095703125,2021.050048828125,2067.699951171875,2016.0,2060.0,3809860
2019-12-03,1732.6099853515625,2051.0,2062.0,2010.0,2027.699951171875,4664774
2019-12-04,1755.8411865234375,2078.5,2082.0,2045.5,2053.0,3334301
2019-12-05,1791.9971923828125,2121.300048828125,2126.800048828125,2068.35009765625,2083.0,3902721
2019-12-06,1793.9403076171875,2123.60009765625,2128.0,2101.0,2124.0,1829461
2019-12-09,1740.5931396484375,2060.449951171875,2127.949951171875,2053.5,2127.949951171875,2244747
2019-12-10,1700.3826904296875,2012.8499755859375,2060.85009765625,2003.25,2060.0,4520045
2019-12-11,1724.9232177734375,2041.9000244140625,2048.0,2006.75,2025.4000244140625,4943024
2019-12-12,1707.182861328125,2020.9000244140625,2083.64990234375,1984.0,2051.10009765625,7137306
2019-12-13,1749.7166748046875,2071.25,2077.39990234375,2007.0,2023.0,5711133
2019-12-16,1796.60107421875,2126.75,2136.0,2080.300048828125,2096.0,5574177
2019-12-17,1828.870849609375,2164.949951171875,2169.0,2119.0,2126.5,6059673
2019-12-18,1831.2362060546875,2167.75,2203.449951171875,2153.0,2174.0,8251081
2019-12-19,1883.0205078125,2229.050048828125,2236.5,2167.550048828125,2179.800048828125,6251505
2019-12-20,1877.824951171875,2222.89990234375,2246.699951171875,2208.25,2220.0,5548338
2019-12-23,1885.2591552734375,2231.699951171875,2241.949951171875,2210.0,2210.0,2247329
2019-12-24,1871.6583251953125,2215.60009765625,2243.550048828125,2211.14990234375,2239.0,1805896
2019-12-26,1860.1273193359375,2201.949951171875,2229.0,2195.199951171875,2216.39990234375,1880367
2019-12-27,1857.2130126953125,2198.5,2226.39990234375,2176.0,2208.0,2720261
2019-12-30,1844.2879638671875,2183.199951171875,2225.0,2177.10009765625,2207.0,2288830
2019-12-31,1826.1253662109375,2161.699951171875,2197.0,2157.449951171875,2189.0,1909289
2020-01-01,1831.1097412109375,2167.60009765625,2183.89990234375,2154.0,2168.0,1354908
2020-01-02,1822.7039794921875,2157.64990234375,2179.949951171875,2149.199951171875,2179.949951171875,2380752
2020-01-03,1859.0289306640625,2200.64990234375,2223.0,2164.0,2164.0,4655761
2020-01-06,1858.85986328125,2200.449951171875,2225.949951171875,2187.89990234375,2205.0,3023209
2020-01-07,1863.42236328125,2205.85009765625,2214.64990234375,2183.800048828125,2200.5,2429317
2020-01-08,1905.1531982421875,2255.25,2260.0,2202.050048828125,2205.0,5197454
2020-01-09,1870.6024169921875,2214.35009765625,2251.949951171875,2210.0,2248.75,3734173
2020-01-10,1869.9266357421875,2213.550048828125,2234.0,2208.0,2228.0,1915807
2020-01-13,1850.328125,2190.35009765625,2218.949951171875,2184.699951171875,2217.85009765625,2843893
2020-01-14,1864.3087158203125,2206.89990234375,2229.800048828125,2195.0,2195.0,2948452
2020-01-15,1881.204345703125,2226.89990234375,2231.0,2194.199951171875,2213.0,2620681
2020-01-16,1891.2568359375,2238.800048828125,2249.0,2215.0,2226.949951171875,3117214
2020-01-17,1874.614990234375,2219.10009765625,2253.550048828125,2213.0,2240.75,3281059
2020-01-20,1833.4327392578125,2170.35009765625,2242.199951171875,2156.199951171875,2194.89990234375,5817599
2020-01-21,1834.0245361328125,2171.050048828125,2186.550048828125,2158.050048828125,2169.949951171875,1902980
2020-01-22,1864.3087158203125,2206.89990234375,2210.0,2173.699951171875,2181.0,1773686
2020-01-23,1855.0379638671875,2190.949951171875,2217.75,2183.699951171875,2209.800048828125,2069866
2020-01-24,1848.6453857421875,2183.39990234375,2190.949951171875,2170.0,2190.949951171875,1319430
2020-01-27,1836.6649169921875,2169.25,2193.449951171875,2165.0,2189.699951171875,1549101
2020-01-28,1848.9417724609375,2183.75,2187.800048828125,2152.0,2174.0,1743024
2020-01-29,1824.26123046875,2154.60009765625,2186.949951171875,2150.0,2185.0,2306761
2020-01-30,1810.0789794921875,2137.85009765625,2165.0,2125.0,2160.0,2098567
2020-01-31,1760.2940673828125,2079.050048828125,2144.35009765625,2071.60009765625,2139.39990234375,3287223
2020-02-03,1780.14892578125,2102.5,2194.699951171875,2093.199951171875,2152.0,4728073
2020-02-04,1784.5938720703125,2107.75,2136.699951171875,2086.60009765625,2129.0,3509339
2020-02-05,1817.4453125,2146.550048828125,2156.699951171875,2104.300048828125,2115.0,2439322
2020-02-06,1802.03564453125,2128.35009765625,2174.199951171875,2115.5,2145.0,2640065
2020-02-07,1808.9783935546875,2136.550048828125,2151.0,2119.0,2139.0,2083442
2020-02-10,1830.483642578125,2161.949951171875,2167.0,2119.0,2140.89990234375,2383032
2020-02-11,1823.2452392578125,2153.39990234375,2174.800048828125,2147.60009765625,2163.0,1335820
2020-02-12,1837.9346923828125,2170.75,2185.0,2150.0,2151.10009765625,1620407
2020-02-13,1855.8841552734375,2191.949951171875,2197.0,2171.0,2172.949951171875,1645948
2020-02-14,1849.322509765625,2184.199951171875,2212.0,2171.0,2188.0,1500115
2020-02-17,1865.4520263671875,2203.25,2217.0,2190.199951171875,2196.949951171875,1774724
2020-02-18,1876.0352783203125,2215.75,2221.0,2186.050048828125,2199.949951171875,2486223
2020-02-19,1859.6103515625,2196.35009765625,2230.0,2190.5,2215.75,1760463
2020-02-20,1826.1240234375,2156.800048828125,2214.39990234375,2151.25,2204.5,2317278
2020-02-24,1791.0286865234375,2115.35009765625,2178.949951171875,2106.699951171875,2156.0,3092877
2020-02-25,1825.5731201171875,2156.14990234375,2176.64990234375,2111.0,2115.5,2674567
2020-02-26,1798.01416015625,2123.60009765625,2163.89990234375,2112.949951171875,2154.0,2686842
2020-02-27,1782.688720703125,2105.5,2119.949951171875,2086.199951171875,2119.949951171875,2349001
2020-02-28,1693.4908447265625,2000.1500244140625,2069.5,1990.0,2068.0,4298076
2020-03-02,1694.4644775390625,2001.300048828125,2053.949951171875,1985.699951171875,2035.0,2667076
2020-03-03,1724.0137939453125,2036.199951171875,2060.0,2012.0,2020.0,2757585
2020-03-04,1763.808349609375,2083.199951171875,2094.449951171875,2025.0,2056.0,3237002
2020-03-05,1799.241455078125,2125.050048828125,2147.75,2084.050048828125,2085.699951171875,3937056
2020-03-06,1791.959716796875,2116.449951171875,2123.64990234375,2071.60009765625,2098.0,2595027
2020-03-09,1669.953125,1972.3499755859375,2079.89990234375,1935.0,2075.0,4940975
2020-03-11,1654.16259765625,1953.699951171875,1987.300048828125,1920.0,1933.0,6796449
2020-03-12,1498.4998779296875,1769.8499755859375,1908.4000244140625,1758.3499755859375,1904.0,8728786
2020-03-13,1529.3614501953125,1806.300048828125,1820.0,1506.050048828125,1687.9000244140625,8029720
2020-03-16,1436.311279296875,1696.4000244140625,1842.25,1675.8499755859375,1755.0,7844271
2020-03-17,1403.7989501953125,1658.0,1731.0,1623.1500244140625,1730.0,5713248
2020-03-18,1400.75048828125,1654.4000244140625,1713.550048828125,1627.75,1676.800048828125,7258778
2020-03-19,1395.5909423828125,1636.3499755859375,1685.449951171875,1546.75,1559.699951171875,5135111
2020-03-20,1532.988037109375,1797.449951171875,1869.0,1627.0,1630.0,8547498
2020-03-23,1424.0343017578125,1669.699951171875,1750.0,1617.75,1620.0,7003490
2020-03-24,1452.562255859375,1703.1500244140625,1770.0,1632.8499755859375,1653.050048828125,6350865
2020-03-25,1492.7752685546875,1750.300048828125,1810.0,1680.0,1700.0,2765520
2020-03-26,1527.4443359375,1790.949951171875,1832.050048828125,1722.550048828125,1831.5999755859375,4556067
2020-03-27,1556.0577392578125,1824.5,1850.0,1750.4000244140625,1820.0,4331250
2020-03-30,1516.82568359375,1778.5,1905.0,1763.550048828125,1766.0,8513547
2020-03-31,1557.4227294921875,1826.0999755859375,1855.0,1780.0,1837.4000244140625,3927593
2020-04-01,1457.3385009765625,1708.75,1834.75,1702.0,1825.9000244140625,4941878
2020-04-03,1410.8140869140625,1654.199951171875,1740.0,1650.0,1740.0,5735369
2020-04-07,1514.0113525390625,1775.199951171875,1785.8499755859375,1705.0,1710.0,5427577
2020-04-08,1454.5238037109375,1705.449951171875,1806.0,1701.0,1760.0,6285615
2020-04-09,1506.2930908203125,1766.1500244140625,1778.800048828125,1731.199951171875,1750.449951171875,5307397
2020-04-13,1500.4080810546875,1759.25,1787.0,1746.0,1761.0,2990438
2020-04-15,1479.8541259765625,1735.1500244140625,1812.0,1727.800048828125,1785.0,4761399
2020-04-16,1463.5645751953125,1716.050048828125,1764.9000244140625,1675.050048828125,1709.949951171875,6245533
2020-04-17,1540.4505615234375,1806.199951171875,1851.949951171875,1753.0,1800.0,9895823
2020-04-20,1551.0684814453125,1818.6500244140625,1830.0,1802.5,1830.0,3244282
2020-04-21,1481.986328125,1737.6500244140625,1794.5999755859375,1727.699951171875,1765.0,5122541
2020-04-22,1509.150390625,1769.5,1790.0,1719.1500244140625,1737.6500244140625,3829836
2020-04-23,1601.899658203125,1878.25,1900.0,1760.8499755859375,1780.0,5934366
2020-04-24,1550.9835205078125,1818.550048828125,1851.949951171875,1807.800048828125,1840.699951171875,2987102
2020-04-27,1566.377685546875,1836.5999755859375,1875.0,1825.0,1832.300048828125,3374741
2020-04-28,1585.524658203125,1859.050048828125,1868.0,1832.5999755859375,1865.0,2678505
2020-04-29,1625.26806640625,1905.6500244140625,1912.550048828125,1850.050048828125,1874.0,4241510
2020-04-30,1718.0599365234375,2014.449951171875,2032.0,1942.199951171875,1980.0,5915544
2020-05-04,1646.4195556640625,1930.449951171875,1966.0,1913.6500244140625,1966.0,3729348
2020-05-05,1648.380859375,1932.75,1977.0,1927.0,1955.0999755859375,2905528
2020-05-06,1623.519775390625,1903.5999755859375,1953.699951171875,1893.5999755859375,1939.800048828125,3517431
2020-05-07,1613.328125,1891.6500244140625,1934.449951171875,1883.3499755859375,1910.0,3166754
2020-05-08,1614.8206787109375,1893.4000244140625,1939.5,1886.25,1939.0999755859375,2686530
2020-05-11,1650.5556640625,1935.300048828125,1951.4000244140625,1909.0,1909.0,2449841
2020-05-12,1662.666259765625,1949.5,1956.5,1910.25,1933.4000244140625,3256595
2020-05-13,1662.79443359375,1949.6500244140625,1994.0,1925.6500244140625,1994.0,2656665
2020-05-14,1622.4539794921875,1902.3499755859375,1923.0999755859375,1891.0999755859375,1910.0,2263146
2020-05-15,1614.394287109375,1892.9000244140625,1917.4000244140625,1865.199951171875,1916.0,3173682
2020-05-18,1659.3402099609375,1945.5999755859375,1952.949951171875,1872.0999755859375,1907.0,3727694
2020-05-19,1661.9415283203125,1948.6500244140625,1966.449951171875,1903.0,1903.0,3198693
2020-05-20,1666.1630859375,1953.5999755859375,1962.9000244140625,1931.699951171875,1950.0,2778505
2020-05-21,1698.2310791015625,1991.199951171875,1998.0,1941.1500244140625,1946.0,3400908
2020-05-22,1723.09228515625,2020.3499755859375,2032.0,1961.25,1977.0999755859375,3663418
2020-05-26,1657.1226806640625,1943.0,2024.0,1925.0,2015.0,4575317
2020-05-27,1710.256591796875,2005.300048828125,2010.0,1941.25,1959.0,3482160
2020-05-28,1709.4036865234375,2004.300048828125,2014.0,1971.300048828125,1988.5,3475681
2020-05-29,1682.1544189453125,1972.3499755859375,2002.6500244140625,1962.4000244140625,1982.0,7237735
2020-06-01,1744.328857421875,2045.25,2060.0,1981.0999755859375,1990.0,3747773
2020-06-02,1745.948974609375,2047.1500244140625,2081.0,2040.050048828125,2060.199951171875,2443886
2020-06-03,1750.225830078125,2046.1500244140625,2063.75,2020.0,2051.85009765625,3699799
2020-06-04,1789.060302734375,2091.550048828125,2100.0,2046.75,2046.75,4048593
2020-06-05,1752.0223388671875,2048.25,2098.0,2040.300048828125,2091.60009765625,3573289
2020-06-08,1772.1234130859375,2071.75,2095.0,2062.10009765625,2078.25,2957841
2020-06-09,1772.3800048828125,2072.050048828125,2095.5,2060.25,2063.10009765625,2909439
2020-06-10,1803.772216796875,2108.75,2132.0,2073.5,2077.050048828125,5168397
2020-06-11,1768.616455078125,2067.64990234375,2105.0,2061.800048828125,2100.0,2269513
2020-06-12,1744.53759765625,2039.5,2049.199951171875,2011.0,2011.199951171875,2842642
2020-06-15,1736.325927734375,2029.9000244140625,2059.0,2000.949951171875,2039.0999755859375,2399022
2020-06-16,1749.9266357421875,2045.800048828125,2073.949951171875,2031.0,2065.0,2146528
2020-06-17,1751.63720703125,2047.800048828125,2058.85009765625,2026.550048828125,2046.0,2703527
2020-06-18,1743.33984375,2038.0999755859375,2059.199951171875,2025.199951171875,2045.0,1944389
2020-06-19,1748.89990234375,2044.5999755859375,2090.0,2032.0,2042.0,5681758
2020-06-22,1734.6580810546875,2027.949951171875,2052.25,2019.1500244140625,2050.0,3196138
2020-06-23,1740.9453125,2035.300048828125,2044.0,2010.0,2027.0,4205944
2020-06-24,1746.846923828125,2042.199951171875,2064.25,2031.5999755859375,2034.0,2560937
2020-06-25,1724.5218505859375,2016.0999755859375,2060.0,2009.25,2035.0,3043931
2020-06-26,1812.411865234375,2118.85009765625,2132.0,2019.949951171875,2025.0,6300722
2020-06-29,1797.6993408203125,2101.64990234375,2127.60009765625,2091.300048828125,2108.0,3076341
2020-06-30,1781.019287109375,2082.14990234375,2111.89990234375,2075.050048828125,2100.0,3071725
2020-07-01,1789.4876708984375,2092.050048828125,2113.949951171875,2079.5,2079.699951171875,2503466
2020-07-02,1845.172607421875,2157.14990234375,2165.0,2098.0,2102.0,3758699
2020-07-03,1881.5260009765625,2199.64990234375,2205.0,2160.25,2163.64990234375,4185208
2020-07-06,1935.8851318359375,2263.199951171875,2269.89990234375,2205.0,2205.0,5190366
2020-07-07,1941.6160888671875,2269.89990234375,2302.699951171875,2232.14990234375,2275.0,5630055
2020-07-08,1897.99169921875,2218.89990234375,2274.39990234375,2207.60009765625,2270.0,2793358
2020-07-09,1885.54638671875,2204.35009765625,2244.5,2191.050048828125,2229.0,3443998
2020-07-10,1900.943115234375,2222.35009765625,2249.85009765625,2176.0,2205.25,9610320
2020-07-13,1898.9322509765625,2220.0,2244.949951171875,2210.0,2220.0,2963503
2020-07-14,1857.8319091796875,2171.949951171875,2239.0,2165.0,2210.0,2976738
2020-07-15,1910.822265625,2233.89990234375,2260.0,2181.10009765625,2185.0,5569321
2020-07-16,1915.8372802734375,2234.75,2333.0,2220.10009765625,2244.0,8582118
2020-07-17,1886.6898193359375,2200.75,2243.89990234375,2190.050048828125,2237.0,4509135
2020-07-20,1892.819580078125,2207.89990234375,2226.89990234375,2190.800048828125,2201.0,2952646
2020-07-21,1907.522216796875,2225.050048828125,2238.64990234375,2201.14990234375,2230.0,2665286
2020-07-22,1878.2882080078125,2190.949951171875,2231.0,2184.199951171875,2231.0,2861534
2020-07-23,1861.3568115234375,2171.199951171875,2190.949951171875,2163.0,2190.949951171875,2265766
2020-07-24,1849.5257568359375,2157.39990234375,2163.0,2125.10009765625,2154.5,3665100
2020-07-27,1891.876220703125,2206.800048828125,2215.0,2163.5,2165.0,4248480
2020-07-28,1980.134033203125,2309.75,2320.0,2215.0,2215.0,8092319
2020-07-29,1951.2440185546875,2276.050048828125,2342.0,2246.050048828125,2292.0,6090431
2020-07-30,1954.20166015625,2279.5,2358.0,2272.25,2285.89990234375,7098496
2020-07-31,1955.8302001953125,2281.39990234375,2334.800048828125,2257.449951171875,2303.14990234375,4723290
2020-08-03,1932.4691162109375,2254.14990234375,2303.85009765625,2230.699951171875,2290.449951171875,4012337
2020-08-04,1928.6541748046875,2249.699951171875,2269.64990234375,2225.050048828125,2259.949951171875,2927928
2020-08-05,1937.0562744140625,2259.5,2300.0,2253.0,2260.0,3800641
2020-08-06,1978.7203369140625,2308.10009765625,2319.5,2265.35009765625,2275.0,4748047
2020-08-07,1967.7896728515625,2295.35009765625,2328.0,2287.0,2308.0,3165491
2020-08-10,1957.03076171875,2282.800048828125,2325.0,2276.050048828125,2318.0,2929353
2020-08-11,1954.544921875,2279.89990234375,2312.0,2275.60009765625,2283.0,2774423
2020-08-12,1935.2120361328125,2257.35009765625,2296.39990234375,2246.550048828125,2288.35009765625,3415751
2020-08-13,1932.725830078125,2254.449951171875,2300.0,2250.5,2273.0,2695682
2020-08-14,1922.181640625,2242.14990234375,2281.300048828125,2233.10009765625,2277.0,2270405
2020-08-17,1931.8260498046875,2253.39990234375,2270.0,2238.25,2263.0,2625630
2020-08-18,1945.8427734375,2269.75,2289.0,2248.300048828125,2262.800048828125,3493374
2020-08-19,1934.5692138671875,2256.60009765625,2284.60009765625,2252.5,2276.35009765625,2843005
2020-08-20,1931.354736328125,2252.85009765625,2276.550048828125,2240.050048828125,2257.0,2895164
2020-08-21,1927.710693359375,2248.60009765625,2271.0,2241.050048828125,2260.0,1975294
2020-08-24,1927.28271484375,2248.10009765625,2259.949951171875,2230.0,2250.60009765625,2167966
2020-08-25,1922.6102294921875,2242.64990234375,2250.0,2233.550048828125,2245.0,1663419
2020-08-26,1931.911865234375,2253.5,2259.89990234375,2216.449951171875,2242.0,2618149
2020-08-27,1927.539794921875,2248.39990234375,2287.35009765625,2241.75,2266.0,3579393
2020-08-28,1919.0955810546875,2238.550048828125,2279.949951171875,2235.10009765625,2268.39990234375,2941136
2020-08-31,1935.1265869140625,2257.25,2276.199951171875,2228.0,2240.0,6018154
2020-09-01,1925.7823486328125,2246.35009765625,2278.0,2241.300048828125,2269.0,3610908
2020-09-02,1941.899658203125,2265.14990234375,2268.75,2241.64990234375,2247.0,2084137
2020-09-03,1971.3475341796875,2299.5,2324.0,2268.0,2268.0,4654146
2020-09-04,1962.1744384765625,2288.800048828125,2324.25,2262.949951171875,2275.0,5231303
2020-09-07,1994.966064453125,2327.050048828125,2343.5,2283.35009765625,2289.0,4620401
2020-09-08,2013.097900390625,2348.199951171875,2390.449951171875,2327.050048828125,2335.949951171875,7453998
2020-09-09,1995.4801025390625,2327.64990234375,2359.0,2320.0,2325.0,3866535
2020-09-10,1998.48095703125,2331.14990234375,2348.5,2324.300048828125,2335.0,2308813
2020-09-11,2035.3013916015625,2374.10009765625,2383.0,2330.14990234375,2330.949951171875,4145424
2020-09-14,2135.86181640625,2491.39990234375,2505.75,2381.85009765625,2384.10009765625,7512131
2020-09-15,2135.86181640625,2491.39990234375,2538.0,2464.60009765625,2491.39990234375,7318770
2020-09-16,2145.806640625,2503.0,2507.60009765625,2477.300048828125,2488.949951171875,3074003
2020-09-17,2109.757568359375,2460.949951171875,2495.75,2450.60009765625,2480.0,4828176
2020-09-18,2100.2841796875,2449.89990234375,2500.39990234375,2436.39990234375,2485.0,4183256
2020-09-21,2113.487060546875,2465.300048828125,2504.89990234375,2452.14990234375,2465.0,4598809
2020-09-22,2162.909912109375,2522.949951171875,2555.0,2458.0,2485.0,7499613
2020-09-23,2115.330078125,2467.449951171875,2519.85009765625,2409.0,2510.0,7502280
2020-09-24,1999.424072265625,2332.25,2450.0,2302.60009765625,2450.0,8424708
2020-09-25,2076.623046875,2422.300048828125,2440.0,2352.10009765625,2368.0,8228267
2020-09-28,2080.05224609375,2426.300048828125,2444.0,2366.0,2440.0,4347166
2020-09-29,2133.2900390625,2488.39990234375,2511.050048828125,2426.300048828125,2434.85009765625,6995811
2020-09-30,2136.633544921875,2492.300048828125,2505.0,2460.0,2489.0,3917166
2020-10-01,2163.338134765625,2523.449951171875,2540.0,2492.300048828125,2510.0,2610337
2020-10-05,2319.66552734375,2705.800048828125,2728.10009765625,2603.050048828125,2620.0,17412105
2020-10-06,2326.95263671875,2714.300048828125,2736.0,2650.10009765625,2736.0,9846367
2020-10-07,2345.513916015625,2735.949951171875,2770.0,2703.0,2742.0,9656101
2020-10-08,2422.455810546875,2825.699951171875,2885.0,2800.0,2800.0,19839329
2020-10-09,2411.524658203125,2812.949951171875,2829.85009765625,2780.0,2810.0,7739245
2020-10-12,2426.142578125,2830.0,2854.0,2800.75,2815.5,4623203
2020-10-13,2423.18359375,2826.550048828125,2854.89990234375,2812.199951171875,2845.0,4209878
2020-10-14,2418.9228515625,2809.60009765625,2842.0,2787.550048828125,2842.0,4395936
2020-10-15,2359.51708984375,2740.60009765625,2827.75,2727.0,2811.0,6629355
2020-10-16,2379.060791015625,2763.300048828125,2771.64990234375,2731.300048828125,2750.10009765625,5273773
2020-10-19,2334.50634765625,2711.550048828125,2774.0,2706.60009765625,2774.0,3331194
2020-10-20,2358.139404296875,2739.0,2759.89990234375,2717.949951171875,2725.0,3406273
2020-10-21,2303.3828125,2675.39990234375,2749.0,2663.050048828125,2739.0,4570143
2020-10-22,2299.723876953125,2671.14990234375,2686.64990234375,2638.10009765625,2661.0,5262294
2020-10-23,2313.197998046875,2686.800048828125,2702.0,2670.10009765625,2687.800048828125,3499091
2020-10-26,2314.40380859375,2688.199951171875,2709.949951171875,2670.5,2689.949951171875,2672752
2020-10-27,2264.4248046875,2630.14990234375,2718.14990234375,2624.10009765625,2699.75,3537502
2020-10-28,2257.580810546875,2622.199951171875,2655.949951171875,2606.0,2650.0,3569445
2020-10-29,2266.577392578125,2632.64990234375,2655.0,2600.25,2608.0,3105968
2020-10-30,2294.2998046875,2664.85009765625,2674.35009765625,2621.60009765625,2636.10009765625,3427003
2020-11-02,2242.427734375,2604.60009765625,2664.85009765625,2600.050048828125,2660.0,2571196
2020-11-03,2267.395751953125,2633.60009765625,2665.0,2601.050048828125,2604.0,2879269
2020-11-04,2284.2265625,2653.14990234375,2721.85009765625,2610.0,2610.0,4893928
2020-11-05,2312.250732421875,2685.699951171875,2710.0,2667.0,2685.0,2816502
2020-11-06,2330.976318359375,2707.449951171875,2713.25,2681.300048828125,2699.0,3884421
2020-11-09,2347.4638671875,2726.60009765625,2744.0,2695.10009765625,2731.10009765625,3646592
2020-11-10,2281.170654296875,2649.60009765625,2713.14990234375,2638.35009765625,2697.199951171875,4760020
2020-11-11,2314.05908203125,2687.800048828125,2692.800048828125,2643.39990234375,2667.949951171875,3242441
2020-11-12,2299.637939453125,2671.050048828125,2713.0,2661.75,2686.0,2437505
2020-11-13,2287.41259765625,2656.85009765625,2664.89990234375,2636.0,2655.75,2548093
2020-11-14,2299.03515625,2670.35009765625,2689.0,2660.050048828125,2677.949951171875,298819
2020-11-17,2295.33349609375,2666.050048828125,2695.0,2650.050048828125,2695.0,2827273
2020-11-18,2261.411865234375,2626.64990234375,2664.199951171875,2607.050048828125,2661.0,2893762
2020-11-19,2270.23583984375,2636.89990234375,2676.14990234375,2630.85009765625,2637.0,4167501
2020-11-20,2290.340087890625,2660.25,2676.0,2627.550048828125,2655.0,2711471
2020-11-23,2345.4404296875,2724.25,2730.0,2665.0,2690.0,3706418
2020-11-24,2343.546875,2722.050048828125,2743.0,2705.0,2734.39990234375,3120516
2020-11-25,2325.682373046875,2701.300048828125,2732.949951171875,2688.199951171875,2729.0,3302249
2020-11-26,2342.298583984375,2720.60009765625,2730.949951171875,2680.0,2686.0,2341099
2020-11-27,2307.0419921875,2679.64990234375,2717.699951171875,2669.050048828125,2705.0,6086808
2020-12-01,2347.6357421875,2726.800048828125,2735.89990234375,2624.449951171875,2679.0,3605017
2020-12-02,2367.222412109375,2749.550048828125,2754.699951171875,2702.449951171875,2719.0,2509032
2020-12-03,2332.6982421875,2709.449951171875,2773.89990234375,2700.800048828125,2773.89990234375,2852548
2020-12-04,2348.281494140625,2727.550048828125,2738.85009765625,2699.0,2710.800048828125,2686527
2020-12-07,2357.020751953125,2737.699951171875,2744.0,2706.14990234375,2715.0,1996400
2020-12-08,2408.33251953125,2797.300048828125,2805.550048828125,2732.449951171875,2740.0,4277818
2020-12-09,2419.95703125,2810.800048828125,2840.0,2793.14990234375,2815.0,3659996
2020-12-10,2397.14013671875,2784.300048828125,2827.300048828125,2780.25,2818.0,2127801
2020-12-11,2396.53759765625,2783.60009765625,2807.699951171875,2764.550048828125,2792.699951171875,1795408
2020-12-14,2408.67724609375,2797.699951171875,2804.0,2756.25,2802.0,2483658
2020-12-15,2377.553466796875,2761.550048828125,2794.699951171875,2755.0,2786.0,2365509
2020-12-16,2422.883056640625,2814.199951171875,2819.800048828125,2760.449951171875,2779.0,2565149
2020-12-17,2443.545166015625,2838.199951171875,2853.699951171875,2805.0,2811.0,2863460
2020-12-18,2463.17529296875,2861.0,2898.0,2846.199951171875,2868.0,6076692
2020-12-21,2428.005126953125,2820.14990234375,2886.5,2785.0,2861.0,2705195
2020-12-22,2473.07666015625,2872.5,2883.64990234375,2818.64990234375,2834.0,2881737
2020-12-23,2504.285400390625,2908.75,2919.0,2865.449951171875,2876.050048828125,2790988
2020-12-24,2504.802490234375,2909.35009765625,2921.35009765625,2883.199951171875,2909.0,1807144
2020-12-28,2522.064208984375,2929.39990234375,2949.699951171875,2902.0,2910.0,2108994
2020-12-29,2523.011474609375,2930.5,2952.0,2920.0,2920.0,1994151
2020-12-30,2504.759033203125,2909.300048828125,2947.699951171875,2902.0,2934.39990234375,2637968
2020-12-31,2464.681640625,2862.75,2905.0,2845.0,2900.0,4040956
2021-01-01,2521.074462890625,2928.25,2940.0,2879.0,2880.0,2681440
2021-01-04,2616.8115234375,3039.449951171875,3050.75,2940.949951171875,2950.0,5113293
2021-01-05,2662.915771484375,3093.0,3114.25,3039.60009765625,3039.60009765625,5801309
2021-01-06,2627.18603515625,3051.5,3113.5,3037.199951171875,3100.0,3726716
2021-01-07,2611.086669921875,3032.800048828125,3080.85009765625,3000.25,3075.0,3717827
2021-01-08,2686.93603515625,3120.89990234375,3128.0,3060.0,3090.0,5879039
2021-01-11,2734.761962890625,3176.449951171875,3230.0,3146.550048828125,3230.0,9508039
2021-01-12,2733.384033203125,3174.85009765625,3210.0,3150.0,3176.449951171875,3611458
2021-01-13,2719.6953125,3158.949951171875,3177.0,3126.25,3175.0,3572801
2021-01-14,2804.01318359375,3250.699951171875,3266.5,3120.39990234375,3155.0,6931542
2021-01-15,2789.046875,3233.35009765625,3274.0,3210.0,3235.0,4131692
2021-01-18,2779.041015625,3221.75,3256.75,3187.39990234375,3250.0,4160906
2021-01-19,2812.638427734375,3260.699951171875,3279.0,3232.0,3233.0,2975735
2021-01-20,2854.129150390625,3308.800048828125,3327.949951171875,3267.10009765625,3270.0,3453446
2021-01-21,2823.98193359375,3273.85009765625,3309.14990234375,3262.10009765625,3305.0,2778546
2021-01-22,2849.212158203125,3303.10009765625,3325.0,3241.89990234375,3241.89990234375,3052459
2021-01-25,2839.033935546875,3291.300048828125,3339.800048828125,3278.64990234375,3308.949951171875,2272887
2021-01-27,2812.94091796875,3261.050048828125,3306.449951171875,3227.0,3300.0,2786662
2021-01-28,2757.3037109375,3196.550048828125,3275.0,3183.800048828125,3230.0,3083938
2021-01-29,2683.811279296875,3111.35009765625,3216.85009765625,3100.0,3210.050048828125,5445659
2021-02-01,2707.9638671875,3139.35009765625,3165.0,3044.10009765625,3100.0,3985846
2021-02-02,2763.25634765625,3203.449951171875,3224.0,3150.0,3174.0,2881837
2021-02-03,2760.322998046875,3200.050048828125,3236.0,3162.64990234375,3213.0,2505866
2021-02-04,2750.31640625,3188.449951171875,3237.85009765625,3176.0,3216.050048828125,2057261
2021-02-05,2724.00830078125,3157.949951171875,3205.85009765625,3129.0,3198.949951171875,2366135
2021-02-08,2772.442626953125,3214.10009765625,3226.0,3155.14990234375,3189.5,2526592
2021-02-09,2740.353759765625,3176.89990234375,3245.800048828125,3164.0,3195.0,2658751
2021-02-10,2771.75244140625,3213.300048828125,3219.39990234375,3157.300048828125,3185.0,2127983
2021-02-11,2765.455322265625,3206.0,3219.300048828125,3185.050048828125,3215.0,1165882
2021-02-12,2752.34423828125,3190.800048828125,3245.5,3182.0,3184.199951171875,2777404
2021-02-15,2708.395263671875,3139.85009765625,3209.0,3131.550048828125,3209.0,2630853
2021-02-16,2681.611572265625,3108.800048828125,3167.64990234375,3100.0,3150.0,3435770
2021-02-17,2650.81787109375,3073.10009765625,3132.85009765625,3045.550048828125,3105.10009765625,3678426
2021-02-18,2637.231689453125,3057.35009765625,3097.89990234375,3031.0,3065.0,4189909
2021-02-19,2649.739501953125,3071.85009765625,3087.14990234375,3016.14990234375,3058.0,3725028
2021-02-22,2551.921875,2958.449951171875,3096.0,2943.14990234375,3096.0,5366696
2021-02-23,2570.682861328125,2980.199951171875,3028.0,2968.0,2970.0,3832829
2021-02-24,2542.993408203125,2948.10009765625,3003.35009765625,2921.14990234375,2972.0,3774549
2021-02-25,2583.708251953125,2995.300048828125,3029.89990234375,2968.449951171875,2974.0,4224073
2021-02-26,2496.587158203125,2894.300048828125,2972.35009765625,2880.0,2960.0,5553153
2021-03-01,2522.378173828125,2924.199951171875,2965.0,2901.800048828125,2926.0,3265871
2021-03-02,2593.239013671875,3006.35009765625,3025.0,2948.0,2960.0,3306469
2021-03-03,2638.7412109375,3059.10009765625,3064.0,2996.89990234375,3035.0,3509857
2021-03-04,2630.633056640625,3049.699951171875,3081.449951171875,3016.050048828125,3023.0,3916760
2021-03-05,2594.7060546875,3008.050048828125,3063.199951171875,2996.60009765625,3016.10009765625,3203686
2021-03-08,2593.757080078125,3006.949951171875,3033.0,2996.0,3016.0,2003125
2021-03-09,2631.7109375,3050.949951171875,3066.89990234375,2992.10009765625,3006.949951171875,1942397
2021-03-10,2648.963134765625,3070.949951171875,3093.199951171875,3060.0,3075.0,3053778
2021-03-12,2637.7490234375,3057.949951171875,3117.0,3041.35009765625,3075.0,2938317
2021-03-15,2644.822265625,3066.14990234375,3099.0,3041.0,3041.0,3097083
2021-03-16,2682.68994140625,3110.050048828125,3141.0,3060.0,3060.0,4894756
2021-03-17,2685.19140625,3112.949951171875,3155.0,3085.300048828125,3105.0,3838390
2021-03-18,2619.2470703125,3036.5,3146.449951171875,2987.050048828125,3125.949951171875,3656306
2021-03-19,2631.06396484375,3050.199951171875,3099.0,3005.0,3030.0,5776626
2021-03-22,2699.59619140625,3129.64990234375,3139.449951171875,3018.64990234375,3048.699951171875,2821646
2021-03-23,2710.76708984375,3142.60009765625,3169.0,3122.85009765625,3140.0,3305973
2021-03-24,2692.2216796875,3121.10009765625,3152.300048828125,3111.14990234375,3111.199951171875,2207104
2021-03-25,2643.701171875,3064.85009765625,3130.85009765625,3050.0,3112.199951171875,3179786
2021-03-26,2645.383056640625,3066.800048828125,3118.0,3043.050048828125,3090.64990234375,3697370
2021-03-30,2724.525390625,3158.550048828125,3188.449951171875,3060.89990234375,3083.0,4694008
2021-03-31,2741.173095703125,3177.85009765625,3205.0,3132.0,3155.0,3530069
2021-04-01,2730.089111328125,3165.0,3215.0,3145.0,3191.10009765625,4285076
2021-04-05,2793.833984375,3238.89990234375,3263.0,3151.0,3171.0,5317862
2021-04-06,2816.089111328125,3264.699951171875,3275.0,3230.0,3275.0,2291562
2021-04-07,2821.868408203125,3271.39990234375,3277.550048828125,3234.800048828125,3259.0,2491268
2021-04-08,2861.5048828125,3317.35009765625,3335.0,3266.050048828125,3270.0,2578118
2021-04-09,2865.731201171875,3322.25,3354.35009765625,3308.0,3354.0,2911129
2021-04-12,2800.43359375,3246.550048828125,3338.10009765625,3213.199951171875,3322.25,3791828
2021-04-13,2677.5146484375,3104.050048828125,3214.0,3073.050048828125,3214.0,8654596
2021-04-15,2776.6259765625,3218.949951171875,3237.25,3087.449951171875,3160.300048828125,6062760
2021-04-16,2756.096435546875,3195.14990234375,3247.0,3182.60009765625,3229.0,3224657
2021-04-19,2727.328369140625,3161.800048828125,3189.0,3135.10009765625,3169.0,2679106
2021-04-20,2712.449951171875,3144.550048828125,3225.35009765625,3126.35009765625,3225.0,3141893
2021-04-22,2690.23779296875,3118.800048828125,3148.0,3105.25,3148.0,1988980
2021-04-23,2682.216064453125,3109.5,3119.0,3091.050048828125,3105.0,1615309
2021-04-26,2674.711181640625,3100.800048828125,3153.0,3088.050048828125,3102.050048828125,2490260
2021-04-27,2701.6240234375,3132.0,3136.10009765625,3103.0,3106.0,1471417
2021-04-28,2694.8095703125,3124.10009765625,3151.0,3112.0,3149.949951171875,1639037
2021-04-29,2687.175537109375,3115.25,3157.35009765625,3105.5,3145.60009765625,1621395
2021-04-30,2618.51318359375,3035.64990234375,3132.050048828125,3020.0,3099.0,3072305
2021-05-03,2619.677978515625,3037.0,3055.0,3004.0,3024.89990234375,1545831
2021-05-04,2630.676025390625,3049.75,3090.0,3035.0,3062.800048828125,1990777
2021-05-05,2670.31201171875,3095.699951171875,3099.39990234375,3052.39990234375,3070.0,1939289
2021-05-06,2683.897216796875,3111.449951171875,3134.0,3074.0,3105.5,1791671
2021-05-07,2702.39990234375,3132.89990234375,3159.85009765625,3111.800048828125,3133.0,1912540
2021-05-10,2713.26904296875,3145.5,3164.199951171875,3125.0,3145.949951171875,2137153
2021-05-11,2693.515625,3122.60009765625,3128.10009765625,3091.14990234375,3125.0,2415625
2021-05-12,2663.3251953125,3087.60009765625,3120.0,3070.60009765625,3120.0,1978558
2021-05-14,2632.185546875,3051.5,3098.5,3040.0,3098.5,2043935
2021-05-17,2647.927978515625,3069.75,3075.199951171875,3036.0,3055.0,2890462
2021-05-18,2664.35986328125,3088.800048828125,3124.0,3078.0,3100.0,2098538
2021-05-19,2658.494140625,3082.0,3118.0,3067.10009765625,3084.0,1986041
2021-05-20,2639.517822265625,3060.0,3088.800048828125,3052.10009765625,3067.10009765625,2329027
2021-05-21,2657.200927734375,3080.5,3088.199951171875,3055.10009765625,3061.0,1685566
2021-05-24,2658.0634765625,3081.5,3105.0,3072.0,3081.5,1652260
2021-05-25,2699.236328125,3114.0,3128.25,3082.10009765625,3092.0,1841613
2021-05-26,2737.80908203125,3158.5,3165.0,3103.800048828125,3120.0,1923753
2021-05-27,2756.446044921875,3180.0,3217.75,3161.800048828125,3161.949951171875,5959785
2021-05-28,2724.89453125,3143.60009765625,3198.0,3135.64990234375,3189.5,1763701
2021-05-31,2738.37255859375,3159.14990234375,3170.35009765625,3128.60009765625,3150.0,1652799
2021-06-01,2733.0419921875,3153.0,3169.949951171875,3132.0,3168.60009765625,1377441
2021-06-02,2712.62841796875,3129.449951171875,3159.449951171875,3115.0,3150.85009765625,2240078
2021-06-03,2722.8564453125,3141.25,3154.550048828125,3122.64990234375,3154.550048828125,1281706
2021-06-04,2725.0244140625,3143.75,3156.85009765625,3125.0,3128.0,1836060
2021-06-07,2759.219482421875,3183.199951171875,3190.449951171875,3133.60009765625,3145.0,2559821
2021-06-08,2773.912353515625,3200.14990234375,3231.0,3187.199951171875,3198.0,2574057
2021-06-09,2773.998291015625,3200.25,3220.0,3186.199951171875,3202.0,1710925
2021-06-10,2788.344482421875,3216.800048828125,3224.0,3193.0,3210.0,1874324
2021-06-11,2837.752197265625,3273.800048828125,3309.0,3211.0,3211.550048828125,3452954
2021-06-14,2839.96240234375,3276.35009765625,3308.699951171875,3270.35009765625,3279.0,1847360
2021-06-15,2828.1748046875,3262.75,3298.0,3251.550048828125,3298.0,1304985
2021-06-16,2838.229248046875,3274.35009765625,3294.699951171875,3253.0,3262.10009765625,1635552
2021-06-17,2875.8486328125,3317.75,3336.050048828125,3260.0,3265.5,2273413
2021-06-18,2858.1220703125,3297.300048828125,3358.0,3275.0,3350.89990234375,3380431
2021-06-21,2837.1455078125,3273.10009765625,3286.0,3251.699951171875,3265.0,1130569
2021-06-22,2861.50244140625,3301.199951171875,3327.050048828125,3285.0,3304.0,1708688
2021-06-23,2827.004150390625,3261.39990234375,3329.0,3256.39990234375,3329.0,1467104
2021-06-24,2924.259765625,3373.60009765625,3383.0,3278.5,3284.0,4155204
2021-06-25,2930.500732421875,3380.800048828125,3399.64990234375,3350.0,3375.25,2722861
2021-06-28,2892.3173828125,3336.75,3391.5,3333.0,3391.5,1355238
2021-06-29,2895.87158203125,3340.85009765625,3366.300048828125,3326.5,3342.0,1497322
2021-06-30,2900.118896484375,3345.75,3382.0,3338.5,3346.0,1693146
2021-07-01,2896.435302734375,3341.5,3362.0,3332.35009765625,3358.0,990310
2021-07-02,2882.5224609375,3325.449951171875,3339.699951171875,3295.199951171875,3331.0,1682274
2021-07-05,2878.66552734375,3321.0,3374.0,3302.0,3342.0,1972858
2021-07-06,2827.784423828125,3262.300048828125,3328.0,3256.10009765625,3313.0,2159420
2021-07-07,2838.7490234375,3274.949951171875,3282.699951171875,3241.60009765625,3275.0,2640710
2021-07-08,2824.489501953125,3258.5,3298.0,3231.89990234375,3298.0,2485811
2021-07-09,2780.845947265625,3208.14990234375,3282.0,3201.0,3250.0,6365067
2021-07-12,2767.801025390625,3193.10009765625,3236.0,3188.35009765625,3235.0,1892226
2021-07-13,2762.98974609375,3187.550048828125,3214.0,3175.0,3214.0,1809339
2021-07-14,2786.39404296875,3214.550048828125,3222.0,3185.0,3187.0,2044279
2021-07-15,2782.39697265625,3202.949951171875,3231.85009765625,3194.0,3227.60009765625,2232968
2021-07-16,2775.318359375,3194.800048828125,3219.85009765625,3192.0,3213.0,1256526
2021-07-19,2766.45703125,3184.60009765625,3199.800048828125,3176.0,3180.0,1597058
2021-07-20,2784.873779296875,3205.800048828125,3215.0,3156.14990234375,3184.60009765625,1811945
2021-07-22,2794.038818359375,3216.35009765625,3224.949951171875,3190.0,3190.0,2859334
2021-07-23,2790.99853515625,3212.85009765625,3241.550048828125,3206.64990234375,3230.0,1776193
2021-07-26,2777.706787109375,3197.550048828125,3224.25,3190.85009765625,3200.0,1259611
2021-07-27,2765.02392578125,3182.949951171875,3210.0,3161.14990234375,3200.0,1121367
2021-07-28,2777.924072265625,3197.800048828125,3204.449951171875,3132.39990234375,3188.0,1660654
2021-07-29,2776.186279296875,3195.800048828125,3225.449951171875,3190.300048828125,3200.25,1731997
2021-07-30,2751.55908203125,3167.449951171875,3223.5,3162.35009765625,3219.0,2999943
2021-08-02,2796.688232421875,3219.39990234375,3224.89990234375,3167.0,3180.0,2608669
2021-08-03,2853.58740234375,3284.89990234375,3290.0,3218.949951171875,3229.0,3804735
2021-08-04,2844.075927734375,3273.949951171875,3305.199951171875,3261.199951171875,3300.0,2929598
2021-08-05,2852.762939453125,3283.949951171875,3315.0,3262.5,3275.0,2534521
2021-08-06,2875.218505859375,3309.800048828125,3324.0,3265.0,3272.550048828125,2292362
2021-08-09,2886.42431640625,3322.699951171875,3337.0,3310.0,3323.89990234375,1510489
2021-08-10,2896.154296875,3333.89990234375,3349.89990234375,3315.60009765625,3315.60009765625,2040777
2021-08-11,2905.10107421875,3344.199951171875,3360.0,3327.10009765625,3350.0,1929707
2021-08-12,2911.66015625,3351.75,3368.0,3326.0,3326.0,1310205
2021-08-13,3008.650390625,3463.39990234375,3480.0,3357.5,3360.75,4363584
2021-08-16,3016.9462890625,3472.949951171875,3494.35009765625,3436.5,3460.0,2083489
2021-08-17,3086.529052734375,3553.050048828125,3560.800048828125,3463.0,3482.10009765625,4336019
2021-08-18,3093.04443359375,3560.550048828125,3595.0,3536.60009765625,3573.85009765625,2631309
2021-08-20,3092.13232421875,3559.5,3575.0,3500.0,3506.0,2836148
2021-08-23,3159.80419921875,3637.39990234375,3673.0,3561.89990234375,3580.0,3744176
2021-08-24,3138.78173828125,3613.199951171875,3667.35009765625,3594.39990234375,3657.0,2511141
2021-08-25,3178.568115234375,3659.0,3697.75,3607.050048828125,3610.0,2123263
2021-08-26,3189.73046875,3671.85009765625,3687.60009765625,3647.89990234375,3660.0,1902533
2021-08-27,3231.68896484375,3720.14990234375,3729.5,3651.10009765625,3666.0,3944728
2021-08-30,3215.313720703125,3701.300048828125,3740.35009765625,3687.60009765625,3715.0,2033114
2021-08-31,3289.283447265625,3786.449951171875,3804.10009765625,3703.449951171875,3709.39990234375,3207480
2021-09-01,3227.1708984375,3714.949951171875,3816.699951171875,3707.0,3796.0,2643336
2021-09-02,3332.97900390625,3836.75,3859.14990234375,3722.0,3734.0,3403717
2021-09-03,3337.5830078125,3842.050048828125,3856.89990234375,3804.550048828125,3825.0,1746812
2021-09-06,3346.2265625,3852.0,3877.60009765625,3814.0,3849.699951171875,1723693
2021-09-07,3314.866455078125,3815.89990234375,3869.949951171875,3808.25,3864.0,1585039
2021-09-08,3278.598388671875,3774.14990234375,3815.0,3756.0,3810.0,4147175
2021-09-09,3293.58349609375,3791.39990234375,3808.699951171875,3765.0,3789.699951171875,1441148
2021-09-13,3340.44970703125,3845.35009765625,3852.39990234375,3767.0,3767.0,1691473
2021-09-14,3375.675537109375,3885.89990234375,3896.5,3825.0,3849.949951171875,1991188
2021-09-15,3435.312255859375,3954.550048828125,3980.0,3866.0,3882.10009765625,2461369
2021-09-16,3390.79052734375,3903.300048828125,3981.75,3892.10009765625,3930.0,2946666
2021-09-17,3325.24755859375,3827.85009765625,3945.0,3805.0,3920.0,6477148
2021-09-20,3321.468505859375,3823.5,3871.0,3807.85009765625,3809.0,2002008
2021-09-21,3355.738525390625,3862.949951171875,3871.550048828125,3821.64990234375,3858.0,1568129
2021-09-22,3355.043701171875,3862.14990234375,3896.85009765625,3852.449951171875,3862.5,1744067
2021-09-23,3361.21142578125,3869.25,3879.0,3835.0,3870.0,2003869
2021-09-24,3362.99267578125,3871.300048828125,3944.39990234375,3855.0,3890.0,2320754
2021-09-27,3333.152587890625,3836.949951171875,3904.0,3802.89990234375,3900.0,1673362
2021-09-28,3282.94189453125,3779.14990234375,3850.0,3751.25,3850.0,2253075
2021-09-29,3294.01806640625,3791.89990234375,3806.0,3722.14990234375,3759.800048828125,2489161
2021-09-30,3279.81494140625,3775.550048828125,3805.0,3750.10009765625,3805.0,2252412
2021-10-01,3240.4189453125,3730.199951171875,3810.0,3725.0,3781.75,1578374
2021-10-04,3277.859619140625,3773.300048828125,3783.64990234375,3707.449951171875,3724.800048828125,1356860
2021-10-05,3329.98193359375,3833.300048828125,3840.0,3741.60009765625,3754.0,1877966
2021-10-06,3310.52294921875,3810.89990234375,3857.449951171875,3795.0,3836.0,1678154
2021-10-07,3381.756103515625,3892.89990234375,3899.0,3820.050048828125,3830.0,1647233
2021-10-08,3418.89306640625,3935.64990234375,3989.89990234375,3900.0,3925.0,2934339
2021-10-11,3201.675048828125,3685.60009765625,3757.5,3660.0,3755.0,11845402
2021-10-12,3173.225341796875,3652.85009765625,3707.0,3630.60009765625,3706.0,5752877
2021-10-13,3175.2666015625,3655.199951171875,3675.449951171875,3645.0,3650.0,3545655
2021-10-14,3143.28076171875,3611.449951171875,3670.0,3608.199951171875,3625.0,6442299
2021-10-18,3174.35302734375,3647.14990234375,3652.699951171875,3601.449951171875,3603.449951171875,3590107
2021-10-19,3163.03759765625,3634.14990234375,3690.10009765625,3625.199951171875,3669.0,3135441
2021-10-20,3141.01806640625,3608.85009765625,3630.0,3578.300048828125,3612.0,2933693
2021-10-21,3074.5654296875,3532.5,3607.449951171875,3511.25,3604.10009765625,4871211
2021-10-22,3045.27783203125,3498.85009765625,3561.60009765625,3485.0,3560.0,2691670
2021-10-25,3040.142578125,3492.949951171875,3514.550048828125,3450.0,3503.0,2595594
2021-10-26,3031.134765625,3482.60009765625,3529.0,3475.0,3494.5,3878763
2021-10-27,3037.357177734375,3489.75,3511.25,3483.0,3483.0,2510813
2021-10-28,2978.08544921875,3421.64990234375,3518.0,3415.0,3518.0,2424942
2021-10-29,2957.28369140625,3397.75,3461.0,3385.949951171875,3400.050048828125,3960501
2021-11-01,3025.738525390625,3476.39990234375,3487.0,3412.949951171875,3437.949951171875,2020718
2021-11-02,3032.52685546875,3484.199951171875,3513.60009765625,3469.75,3494.0,3087414
2021-11-03,3039.532958984375,3492.25,3519.89990234375,3466.050048828125,3504.199951171875,1537639
2021-11-04,3053.806884765625,3508.64990234375,3513.25,3505.0,3512.949951171875,328991
2021-11-08,3048.672119140625,3502.75,3548.0,3481.199951171875,3548.0,2526082
2021-11-09,3051.2392578125,3505.699951171875,3535.0,3496.0,3508.0,1782692
2021-11-10,3032.61376953125,3484.300048828125,3519.699951171875,3480.199951171875,3498.0,1516489
2021-11-11,3036.008056640625,3488.199951171875,3510.050048828125,3436.0,3480.0,1284514
2021-11-12,3068.95166015625,3526.050048828125,3534.14990234375,3485.699951171875,3506.0,1747259
2021-11-15,3092.6689453125,3553.300048828125,3569.60009765625,3528.0,3528.0,1809157
2021-11-16,3095.366943359375,3556.39990234375,3575.550048828125,3542.0,3569.0,2013204
2021-11-17,3065.33984375,3521.89990234375,3562.85009765625,3506.39990234375,3550.60009765625,1632914
2021-11-18,3025.12939453125,3475.699951171875,3520.85009765625,3451.60009765625,3515.14990234375,2136598
2021-11-22,3010.07177734375,3458.39990234375,3515.949951171875,3440.300048828125,3478.39990234375,3167936
2021-11-23,3015.1630859375,3464.25,3480.949951171875,3407.800048828125,3445.0,2153461
2021-11-24,2996.928955078125,3443.300048828125,3493.050048828125,3424.0,3472.199951171875,2161746
2021-11-25,2999.19140625,3445.89990234375,3463.0,3434.050048828125,3443.89990234375,1849619
2021-11-26,3000.018310546875,3446.85009765625,3490.0,3411.89990234375,3425.0,1941251
2021-11-29,3048.019287109375,3502.0,3529.35009765625,3406.449951171875,3447.14990234375,2981745
2021-11-30,3071.6494140625,3529.14990234375,3563.75,3491.0,3491.0,5588446
2021-12-01,3113.992431640625,3577.800048828125,3590.0,3535.0,3535.0,2102118
2021-12-02,3170.654052734375,3642.89990234375,3648.0,3574.10009765625,3589.199951171875,3152938
2021-12-03,3168.521728515625,3640.449951171875,3665.949951171875,3630.85009765625,3646.449951171875,2486263
2021-12-06,3077.9599609375,3536.39990234375,3658.0,3522.0,3640.449951171875,1849642
2021-12-07,3119.824462890625,3584.5,3598.0,3524.300048828125,3562.5,1484458
2021-12-08,3156.727783203125,3626.89990234375,3646.449951171875,3601.0,3601.0,1428660
2021-12-09,3134.838134765625,3601.75,3634.75,3566.0,3610.0,1567957
2021-12-10,3165.3447265625,3636.800048828125,3642.0,3575.10009765625,3585.0,1510718
2021-12-13,3141.713623046875,3609.64990234375,3662.0,3601.699951171875,3650.0,1883864
2021-12-14,3154.030029296875,3623.800048828125,3635.0,3576.699951171875,3605.0,1747007
2021-12-15,3107.509521484375,3570.35009765625,3623.0,3558.14990234375,3620.0,1603233
2021-12-16,3117.30029296875,3581.60009765625,3608.449951171875,3570.0,3582.0,2072320
2021-12-17,3119.69384765625,3584.35009765625,3651.35009765625,3573.699951171875,3602.5,4333992
2021-12-20,3095.80224609375,3556.89990234375,3606.0,3510.14990234375,3589.0,2312310
2021-12-21,3140.5390625,3608.300048828125,3641.199951171875,3566.39990234375,3582.64990234375,2340989
2021-12-22,3160.078857421875,3630.75,3636.800048828125,3606.25,3624.0,1224328
2021-12-23,3187.886962890625,3662.699951171875,3670.5,3630.0,3648.0,1792861
2021-12-24,3195.023681640625,3670.89990234375,3705.0,3644.800048828125,3685.0,2209923
2021-12-27,3216.957763671875,3696.10009765625,3700.0,3653.10009765625,3671.0,1534135
2021-12-28,3226.052734375,3706.550048828125,3725.0,3693.85009765625,3710.0,1456218
2021-12-29,3215.739013671875,3694.699951171875,3719.949951171875,3685.0,3692.25,1456923
2021-12-30,3249.726318359375,3733.75,3740.0,3680.0,3681.35009765625,1966475
2021-12-31,3253.73046875,3738.35009765625,3760.0,3731.300048828125,3742.800048828125,1207141
2022-01-03,3322.83740234375,3817.75,3830.0,3745.0,3750.0,2346158
2022-01-04,3381.151123046875,3884.75,3889.14990234375,3811.699951171875,3831.10009765625,2488606
2022-01-05,3360.43701171875,3860.949951171875,3870.0,3812.39990234375,3865.0,1733031
2022-01-06,3313.872802734375,3807.449951171875,3835.0,3772.0,3812.0,1810293
2022-01-07,3353.952880859375,3853.5,3864.89990234375,3796.39990234375,3820.0,2460591
2022-01-10,3376.886474609375,3879.85009765625,3978.0,3861.0,3978.0,3937092
2022-01-11,3408.262939453125,3915.89990234375,3925.0,3856.0,3856.0,1906106
2022-01-12,3359.522705078125,3859.89990234375,3929.0,3836.550048828125,3925.0,3203744
2022-01-13,3392.596923828125,3897.89990234375,3923.0,3857.0,3918.0,6684507
2022-01-14,3453.740234375,3968.14990234375,3977.0,3860.050048828125,3877.85009765625,3348123
2022-01-17,3498.12890625,4019.14990234375,4043.0,3962.300048828125,3992.699951171875,3442604
2022-01-18,3473.280029296875,3990.60009765625,4041.699951171875,3980.0,4033.949951171875,2389041
2022-01-19,3413.16259765625,3914.64990234375,4012.0,3910.5,4012.0,3102539
2022-01-20,3336.348876953125,3826.550048828125,3920.0,3811.0,3910.0,6176776
2022-01-21,3342.407958984375,3833.5,3851.550048828125,3771.10009765625,3807.0,3112358
2022-01-24,3288.220458984375,3771.35009765625,3849.64990234375,3740.10009765625,3840.0,3258414
2022-01-25,3286.955810546875,3769.89990234375,3809.39990234375,3722.199951171875,3769.5,3330501
2022-01-27,3181.76220703125,3649.25,3733.39990234375,3625.10009765625,3731.0,5718297
2022-01-28,3217.3349609375,3690.050048828125,3729.800048828125,3646.0,3646.0,3143862
2022-01-31,3257.616943359375,3736.25,3758.0,3721.39990234375,3749.0,2739393
2022-02-01,3313.766845703125,3800.64990234375,3808.0,3736.39990234375,3770.0,2105169
2022-02-02,3362.20068359375,3856.199951171875,3864.0,3800.64990234375,3827.89990234375,1984212
2022-02-03,3334.648681640625,3824.60009765625,3882.5,3816.050048828125,3851.0,1960538
2022-02-04,3326.19091796875,3814.89990234375,3824.699951171875,3769.0,3815.300048828125,2307366
2022-02-07,3294.89013671875,3779.0,3831.800048828125,3756.14990234375,3791.0,1919149
2022-02-08,3263.894287109375,3743.449951171875,3799.699951171875,3721.0,3791.550048828125,2946443
2022-02-09,3278.803466796875,3760.550048828125,3777.949951171875,3746.10009765625,3750.0,1638721
2022-02-10,3287.34912109375,3770.35009765625,3789.800048828125,3758.0,3789.800048828125,2112459
2022-02-11,3221.607421875,3694.949951171875,3752.5,3690.0,3752.5,3851488
2022-02-14,3255.43701171875,3733.75,3793.25,3710.0,3724.0,5951745
2022-02-15,3328.7197265625,3817.800048828125,3835.0,3748.0,3786.0,3931683
2022-02-16,3324.621826171875,3813.10009765625,3854.10009765625,3806.0,3844.0,3256906
2022-02-17,3299.424072265625,3784.199951171875,3835.0,3779.0,3825.0,3134372
2022-02-18,3307.881103515625,3793.89990234375,3815.949951171875,3757.60009765625,3769.0,3688883
2022-02-21,3242.92529296875,3719.39990234375,3827.800048828125,3705.550048828125,3810.0,7465922
2022-02-22,3126.963623046875,3586.39990234375,3667.89990234375,3570.0,3650.0,5408531
2022-02-23,3107.258056640625,3563.800048828125,3622.89990234375,3555.64990234375,3611.0,2426203
2022-02-24,2965.881103515625,3401.64990234375,3483.85009765625,3391.10009765625,3474.0,5039136
2022-02-25,3069.7236328125,3520.75,3530.0,3462.0,3468.0,2549723
2022-02-28,3098.888671875,3554.199951171875,3563.75,3455.89990234375,3490.0,3288942
2022-03-02,3091.86962890625,3546.14990234375,3571.949951171875,3506.0,3552.5,2761341
2022-03-03,3090.34375,3544.39990234375,3578.60009765625,3530.10009765625,3562.85009765625,1928039
2022-03-04,3072.86181640625,3524.35009765625,3561.199951171875,3487.050048828125,3501.5,2370257
2022-03-07,3038.465576171875,3484.89990234375,3548.0,3431.550048828125,3450.0,3054130
2022-03-08,3138.77734375,3599.949951171875,3609.0,3460.0,3460.0,3300992
2022-03-09,3167.2451171875,3632.60009765625,3654.0,3597.050048828125,3605.0,2719654
2022-03-10,3157.087158203125,3620.949951171875,3684.0,3615.0,3684.0,2005441
2022-03-11,3138.079833984375,3599.14990234375,3639.85009765625,3592.85009765625,3603.25,1623423
2022-03-14,3176.312744140625,3643.0,3648.35009765625,3580.0,3580.0,1765688
2022-03-15,3133.503173828125,3593.89990234375,3659.0,3585.39990234375,3659.0,3651133
2022-03-16,3187.560302734375,3655.89990234375,3668.0,3616.25,3640.5,3090475
2022-03-17,3202.2509765625,3672.75,3710.0,3660.300048828125,3696.60009765625,3600452
2022-03-21,3162.10009765625,3626.699951171875,3713.949951171875,3615.0,3696.0,2413831
2022-03-22,3226.8388671875,3700.949951171875,3711.0,3625.0,3640.0,2907611
2022-03-23,3236.82177734375,3712.39990234375,3729.800048828125,3690.0,3708.0,1596195
2022-03-24,3269.474609375,3749.85009765625,3758.199951171875,3695.0,3700.0,1879046
2022-03-25,3232.505615234375,3707.449951171875,3779.5,3672.0,3759.89990234375,1690133
2022-03-28,3232.724365234375,3707.699951171875,3713.0,3661.199951171875,3695.0,1760990
2022-03-29,3230.675048828125,3705.35009765625,3722.0,3691.0,3694.75,2689063
2022-03-30,3253.51904296875,3731.550048828125,3738.0,3706.199951171875,3738.0,1583455
2022-03-31,3260.84228515625,3739.949951171875,3754.64990234375,3720.199951171875,3740.0,2168110
2022-04-01,3277.234619140625,3758.75,3763.0,3728.050048828125,3748.0,1387014
2022-04-04,3287.34912109375,3770.35009765625,3780.0,3737.10009765625,3762.0,1472994
2022-04-05,3326.104248046875,3814.800048828125,3835.60009765625,3772.0,3772.0,2314947
2022-04-06,3274.2705078125,3755.35009765625,3809.300048828125,3731.14990234375,3809.300048828125,2051729
2022-04-07,3212.19091796875,3684.14990234375,3745.5,3679.0,3745.5,2494829
2022-04-08,3213.4990234375,3685.64990234375,3705.0,3642.5,3690.0,2296773
2022-04-11,3222.87158203125,3696.39990234375,3712.35009765625,3656.10009765625,3690.0,2291660
2022-04-12,3218.2509765625,3691.10009765625,3739.0,3648.35009765625,3683.0,4483476
2022-04-13,3192.8349609375,3661.949951171875,3709.85009765625,3655.550048828125,3707.0,1621672
2022-04-18,3076.088134765625,3528.050048828125,3610.0,3522.5,3610.0,3820792
2022-04-19,3027.13134765625,3471.89990234375,3563.550048828125,3439.14990234375,3550.0,3170014
2022-04-20,3101.155029296875,3556.800048828125,3569.14990234375,3480.0,3500.0,2640370
2022-04-21,3163.800537109375,3628.64990234375,3644.0,3567.39990234375,3580.0,2280996
2022-04-22,3149.762939453125,3612.550048828125,3617.0,3571.5,3581.10009765625,1581465
2022-04-25,3093.656982421875,3548.199951171875,3584.0,3533.10009765625,3558.0,1960694
2022-04-26,3092.000244140625,3546.300048828125,3587.89990234375,3518.14990234375,3575.14990234375,1943469
2022-04-27,3104.99169921875,3561.199951171875,3568.449951171875,3506.300048828125,3546.0,1727648
2022-04-28,3125.1318359375,3584.300048828125,3604.39990234375,3538.050048828125,3588.0,1703660
2022-04-29,3092.348876953125,3546.699951171875,3623.25,3536.85009765625,3597.0,2051115
2022-05-02,3088.599365234375,3542.39990234375,3547.949951171875,3492.75,3519.89990234375,1324161
2022-05-04,3033.976318359375,3479.75,3545.449951171875,3465.300048828125,3538.5,2305825
2022-05-05,3063.315185546875,3513.39990234375,3533.0,3485.35009765625,3512.10009765625,1612262
2022-05-06,2992.865966796875,3432.60009765625,3474.5,3424.5,3459.0,2010812
2022-05-09,3003.76416015625,3445.10009765625,3456.0,3346.85009765625,3398.0,2481830
2022-05-10,2998.2275390625,3438.75,3464.800048828125,3422.0,3434.0,1622685
2022-05-11,2974.905029296875,3412.0,3448.449951171875,3382.14990234375,3435.0,1841769
2022-05-12,2971.984130859375,3408.64990234375,3449.699951171875,3350.10009765625,3378.0,2807195
2022-05-13,2977.43310546875,3414.89990234375,3439.89990234375,3382.14990234375,3435.0,2187823
2022-05-16,2944.21435546875,3376.800048828125,3430.0,3366.60009765625,3415.0,1195813
2022-05-17,3009.431884765625,3451.60009765625,3467.0,3350.39990234375,3370.0,1754076
2022-05-18,3006.990966796875,3448.800048828125,3495.0,3443.050048828125,3465.0,1866781
2022-05-19,2844.07763671875,3261.949951171875,3405.0,3230.0,3397.0,4642963
2022-05-20,2871.1494140625,3293.0,3313.89990234375,3270.050048828125,3310.0,3065125
2022-05-23,2896.216796875,3321.75,3338.89990234375,3267.0,3304.800048828125,2293690
2022-05-24,2866.78955078125,3288.0,3324.85009765625,3275.60009765625,3315.14990234375,1711510
2022-05-25,2780.461181640625,3167.64990234375,3292.85009765625,3154.050048828125,3292.85009765625,3548046
2022-05-26,2832.5126953125,3226.949951171875,3241.5,3180.550048828125,3191.0,2813186
2022-05-27,2862.664306640625,3261.300048828125,3278.89990234375,3229.199951171875,3253.199951171875,3103153
2022-05-30,2962.685791015625,3375.25,3386.60009765625,3286.35009765625,3297.0,2094624
2022-05-31,2953.118408203125,3364.35009765625,3383.39990234375,3325.0,3354.14990234375,4840965
2022-06-01,2945.086669921875,3355.199951171875,3388.0,3340.050048828125,3388.0,1493835
2022-06-02,3004.599853515625,3423.0,3432.0,3346.300048828125,3355.0,2657939
2022-06-03,3019.653076171875,3440.14990234375,3477.300048828125,3431.199951171875,3459.39990234375,1913622
2022-06-06,3011.57763671875,3430.949951171875,3453.0,3377.14990234375,3418.0,1084210
2022-06-07,2951.669921875,3362.699951171875,3418.85009765625,3356.0,3401.050048828125,2308256
2022-06-08,2988.05322265625,3404.14990234375,3413.949951171875,3346.5,3380.14990234375,2185707
2022-06-09,3008.197998046875,3427.10009765625,3437.0,3353.10009765625,3385.0,1279197
2022-06-10,2949.211669921875,3359.89990234375,3393.0,3352.0,3382.0,1527582
2022-06-13,2826.06103515625,3219.60009765625,3293.0,3192.449951171875,3290.0,3030921
2022-06-14,2818.117919921875,3210.550048828125,3238.89990234375,3174.699951171875,3190.0,2611493
2022-06-15,2814.3876953125,3206.300048828125,3234.0,3201.0,3218.5,1404536
2022-06-16,2757.94677734375,3142.0,3244.85009765625,3133.050048828125,3240.0,2032028
2022-06-17,2711.337158203125,3088.89990234375,3118.75,3023.85009765625,3092.0,5240434
2022-06-20,2731.964111328125,3112.39990234375,3138.75,3069.0,3094.0,1502769
2022-06-21,2819.346435546875,3211.949951171875,3237.75,3125.39990234375,3130.0,2964461
2022-06-22,2829.00244140625,3222.949951171875,3250.550048828125,3183.0,3199.89990234375,3336315
2022-06-23,2904.358154296875,3308.800048828125,3318.0,3222.949951171875,3222.949951171875,3692578
2022-06-24,2890.57763671875,3293.10009765625,3345.0,3277.5,3339.0,2132118
2022-06-27,2909.537353515625,3314.699951171875,3362.89990234375,3306.5,3350.0,2037686
2022-06-28,2912.565185546875,3318.14990234375,3330.0,3272.60009765625,3307.0,1400046
2022-06-29,2888.29541015625,3290.5,3333.0,3271.0,3271.0,2133994
2022-06-30,2867.755126953125,3267.10009765625,3310.89990234375,3255.0,3272.0,2719603
2022-07-01,2909.888427734375,3315.10009765625,3333.0,3252.050048828125,3260.0,1502879
2022-07-04,2839.62255859375,3235.050048828125,3317.949951171875,3225.050048828125,3312.0,2622535
2022-07-05,2823.164794921875,3216.300048828125,3272.0,3206.949951171875,3255.0,2170627
2022-07-06,2862.18115234375,3260.75,3268.5,3202.25,3218.5,2182144
2022-07-07,2885.96923828125,3287.85009765625,3319.39990234375,3265.050048828125,3271.0,1989921
2022-07-08,2866.30712890625,3265.449951171875,3305.0,3250.0,3300.0,2136916
2022-07-11,2733.193603515625,3113.800048828125,3225.0,3106.0,3206.14990234375,6974600
2022-07-12,2707.650146484375,3084.699951171875,3136.199951171875,3080.25,3114.89990234375,3734815
2022-07-13,2667.317138671875,3038.75,3110.0,3035.0,3104.0,3863530
2022-07-14,2639.15478515625,2998.75,3057.0,2967.0,3056.0,4764908
2022-07-15,2635.501953125,2994.60009765625,3028.89990234375,2953.0,3018.550048828125,4574806
2022-07-18,2696.14013671875,3063.5,3076.949951171875,3014.300048828125,3023.0,3202795
2022-07-19,2705.600830078125,3074.25,3078.949951171875,3030.050048828125,3030.050048828125,1865074
2022-07-20,2785.29248046875,3164.800048828125,3171.949951171875,3098.050048828125,3107.800048828125,3402251
2022-07-21,2796.29345703125,3177.300048828125,3184.0,3144.050048828125,3167.0,2420640
2022-07-22,2790.749267578125,3171.0,3197.0,3143.5,3185.0,2075886
2022-07-25,2787.0087890625,3166.75,3186.449951171875,3149.10009765625,3165.0,1797504
2022-07-26,2742.256591796875,3115.89990234375,3168.89990234375,3096.5,3164.699951171875,2639367
2022-07-27,2806.45849609375,3188.85009765625,3194.10009765625,3110.0,3115.0,1389808
2022-07-28,2869.516845703125,3260.5,3264.0,3201.64990234375,3216.0,2106333
2022-07-29,2905.952392578125,3301.89990234375,3317.300048828125,3275.0,3290.0,2430257
2022-08-01,2903.22412109375,3298.800048828125,3327.0,3271.0,3327.0,1306913
2022-08-02,2897.0634765625,3291.800048828125,3312.89990234375,3271.64990234375,3290.0,1269114
2022-08-03,2939.043212890625,3339.5,3349.0,3277.050048828125,3280.0,2895824
2022-08-04,2952.640625,3354.949951171875,3387.89990234375,3307.35009765625,3350.0,2150567
2022-08-05,2961.52978515625,3365.050048828125,3377.0,3355.0,3361.199951171875,1106933
2022-08-08,2969.802001953125,3374.449951171875,3378.89990234375,3336.0,3365.0,1068836
2022-08-10,2952.02490234375,3354.25,3385.0,3335.0,3385.0,1878359
2022-08-11,3012.09033203125,3422.5,3428.699951171875,3375.050048828125,3400.0,1449248
2022-08-12,2993.652587890625,3401.550048828125,3419.0,3381.25,3419.0,1472354
2022-08-16,2985.863525390625,3392.699951171875,3414.85009765625,3387.5,3411.0,839942
2022-08-17,2993.25634765625,3401.10009765625,3417.949951171875,3371.10009765625,3385.10009765625,1622326
2022-08-18,2975.78662109375,3381.25,3392.0,3362.0,3390.0,1430659
2022-08-19,2979.74755859375,3385.75,3421.5,3371.25,3387.0,1398410
2022-08-22,2952.2890625,3354.550048828125,3384.10009765625,3347.39990234375,3365.0,1536532
2022-08-23,2890.727294921875,3284.60009765625,3341.89990234375,3270.0,3319.949951171875,1849256
2022-08-24,2864.984130859375,3255.35009765625,3308.0,3250.199951171875,3292.0,1691923
2022-08-25,2832.289306640625,3218.199951171875,3278.14990234375,3214.75,3276.0,1946930
2022-08-26,2835.809326171875,3222.199951171875,3257.0,3216.800048828125,3234.300048828125,1457962
2022-08-29,2756.91015625,3132.550048828125,3142.699951171875,3081.0,3125.0,2539173
2022-08-30,2826.084228515625,3211.14990234375,3226.5,3142.10009765625,3155.0,3431525
2022-09-01,2756.161865234375,3131.699951171875,3190.0,3121.0,3190.0,3546935
2022-09-02,2755.017578125,3130.39990234375,3163.0,3120.300048828125,3163.0,2052900
2022-09-05,2757.65771484375,3133.39990234375,3147.949951171875,3112.25,3123.64990234375,2147912
2022-09-06,2752.06982421875,3127.050048828125,3140.85009765625,3106.35009765625,3135.5,1936453
2022-09-07,2771.91552734375,3149.60009765625,3161.89990234375,3102.0,3102.0,1291534
2022-09-08,2789.56103515625,3169.64990234375,3183.5,3160.10009765625,3170.0,1346113
2022-09-09,2831.804443359375,3217.64990234375,3233.5,3168.5,3195.0,1561185
2022-09-12,2854.071044921875,3242.949951171875,3269.800048828125,3225.0,3239.89990234375,1785928
2022-09-13,2842.101806640625,3229.35009765625,3263.449951171875,3225.0,3263.449951171875,1972678
2022-09-14,2746.21630859375,3120.39990234375,3141.39990234375,3113.800048828125,3135.0,5090269
2022-09-15,2732.09130859375,3104.35009765625,3137.75,3100.0,3130.0,2138023
2022-09-16,2647.911376953125,3008.699951171875,3094.35009765625,3000.0,3076.0,5322221
2022-09-19,2665.600830078125,3028.800048828125,3042.0,2987.800048828125,3036.0,2072220
2022-09-20,2675.72119140625,3040.300048828125,3079.949951171875,3030.0,3050.0,1544295
2022-09-21,2641.310302734375,3001.199951171875,3041.39990234375,2998.14990234375,3028.0,2253818
2022-09-22,2646.767578125,3007.39990234375,3029.949951171875,2979.300048828125,2990.0,2017983
2022-09-23,2624.456787109375,2982.050048828125,3022.5,2979.0,3004.0,2652374
2022-09-26,2635.325927734375,2994.39990234375,3025.85009765625,2926.10009765625,2959.85009765625,2925489
2022-09-27,2655.61181640625,3017.449951171875,3025.0,2976.0,3009.39990234375,2227447
2022-09-28,2671.629150390625,3035.64990234375,3049.949951171875,2980.0,2980.0,2739767
2022-09-29,2637.878173828125,2997.300048828125,3055.85009765625,2990.0,3054.0,2493902
2022-09-30,2644.259033203125,3004.550048828125,3019.699951171875,2950.10009765625,2990.85009765625,2817353
2022-10-03,2627.009033203125,2984.949951171875,3020.699951171875,2974.0,2995.0,1763331
2022-10-04,2720.473876953125,3091.14990234375,3098.0,3023.0,3029.949951171875,2145875
2022-10-06,2729.978759765625,3101.949951171875,3124.0,3092.449951171875,3111.0,1790816
2022-10-07,2697.37158203125,3064.89990234375,3105.0,3058.10009765625,3097.39990234375,1939879
2022-10-10,2744.58837890625,3118.550048828125,3127.0,3005.0,3010.0,3064063
2022-10-11,2701.46435546875,3069.550048828125,3145.0,3053.35009765625,3100.0,4730645
2022-10-12,2728.923095703125,3100.75,3109.89990234375,3062.050048828125,3084.89990234375,1665247
2022-10-13,2731.167236328125,3103.300048828125,3110.0,3052.35009765625,3100.75,2054781
2022-10-14,2727.51513671875,3099.14990234375,3150.0,3071.0,3145.0,2245977
2022-10-17,2745.69140625,3111.75,3128.39990234375,3071.449951171875,3072.64990234375,1517005
2022-10-18,2774.765869140625,3144.699951171875,3155.35009765625,3128.550048828125,3150.0,1793722
2022-10-19,2754.603759765625,3121.85009765625,3159.0,3112.0,3159.0,1194289
2022-10-20,2785.88330078125,3157.300048828125,3160.0,3105.0,3105.0,1587601
2022-10-21,2768.32421875,3137.39990234375,3160.39990234375,3127.0,3157.800048828125,1021913
2022-10-24,2789.765625,3161.699951171875,3178.0,3155.0,3170.10009765625,260949
2022-10-25,2790.118896484375,3162.10009765625,3184.25,3151.14990234375,3180.5,2069643
2022-10-27,2785.97119140625,3157.39990234375,3174.0,3134.35009765625,3160.699951171875,2438421
2022-10-28,2791.133544921875,3163.25,3178.5,3145.0,3150.0,1355739
2022-10-31,2817.51611328125,3193.14990234375,3199.0,3177.800048828125,3199.0,1919414
2022-11-01,2876.236328125,3259.699951171875,3262.60009765625,3203.449951171875,3214.5,2991060
2022-11-02,2860.354736328125,3241.699951171875,3270.0,3222.050048828125,3270.0,1405955
2022-11-03,2829.515625,3206.75,3228.050048828125,3195.0,3228.050048828125,1422652
2022-11-04,2838.91357421875,3217.39990234375,3220.050048828125,3166.14990234375,3217.0,1464013
2022-11-07,2853.29541015625,3233.699951171875,3242.800048828125,3195.10009765625,3229.0,1474498
2022-11-09,2837.72216796875,3216.050048828125,3249.800048828125,3201.64990234375,3249.800048828125,1162267
2022-11-10,2828.545166015625,3205.64990234375,3225.0,3170.0,3170.0,1573092
2022-11-11,2925.869873046875,3315.949951171875,3341.60009765625,3255.050048828125,3269.60009765625,3265394
2022-11-14,2943.119873046875,3335.5,3349.0,3309.0,3324.0,1342074
2022-11-15,2940.561279296875,3332.60009765625,3339.949951171875,3292.0,3321.0,1400708
2022-11-16,2960.635009765625,3355.35009765625,3367.89990234375,3321.449951171875,3338.89990234375,1748235
2022-11-17,2955.031982421875,3349.0,3360.0,3317.75,3340.0,1417986
2022-11-18,2950.135498046875,3343.449951171875,3362.75,3321.0,3350.0,1164540
2022-11-21,2897.237060546875,3283.5,3333.699951171875,3273.0,3322.5,1304194
2022-11-22,2924.987548828125,3314.949951171875,3318.949951171875,3255.25,3280.0,1149739
2022-11-23,2919.119873046875,3308.300048828125,3330.0,3291.0,3330.0,1150011
2022-11-24,2982.51806640625,3380.14990234375,3392.949951171875,3308.300048828125,3316.25,1296591
2022-11-25,2990.900390625,3389.64990234375,3403.35009765625,3348.0,3383.0,1588981
2022-11-28,2995.84130859375,3395.25,3417.0,3365.550048828125,3366.0,2195437
2022-11-29,2997.694580078125,3397.35009765625,3429.0,3383.0,3383.0,1576028
2022-11-30,2991.915283203125,3390.800048828125,3414.89990234375,3375.0,3383.0,3410702
2022-12-01,3066.783447265625,3475.64990234375,3480.0,3420.0,3425.0,2180856
2022-12-02,3034.57666015625,3439.14990234375,3468.89990234375,3413.0,3458.10009765625,2411749
2022-12-05,3022.8857421875,3425.89990234375,3439.14990234375,3407.0,3433.0,1475065
2022-12-06,2987.10595703125,3385.35009765625,3407.949951171875,3368.0,3400.050048828125,1166999
2022-12-07,2982.91455078125,3380.60009765625,3393.699951171875,3354.0,3368.300048828125,1167505
2022-12-08,2956.400390625,3350.550048828125,3380.60009765625,3339.449951171875,3360.0,1285619
2022-12-09,2905.399169921875,3292.75,3374.10009765625,3276.35009765625,3374.10009765625,1797896
2022-12-12,2899.84033203125,3286.449951171875,3296.0,3236.10009765625,3255.5,1527610
2022-12-13,2940.120361328125,3332.10009765625,3336.449951171875,3267.800048828125,3277.199951171875,1378016
2022-12-14,2969.458740234375,3365.35009765625,3377.0,3340.89990234375,3348.800048828125,1213311
2022-12-15,2916.296630859375,3305.10009765625,3364.75,3298.949951171875,3358.800048828125,1415694
2022-12-16,2859.075439453125,3240.25,3292.0,3225.199951171875,3275.0,2703680
2022-12-19,2825.368896484375,3202.050048828125,3245.5,3194.5,3227.0,2120965
2022-12-20,2862.33984375,3243.949951171875,3249.0,3163.64990234375,3198.89990234375,1529971
2022-12-21,2884.046142578125,3268.550048828125,3283.050048828125,3240.0,3249.0,1432566
2022-12-22,2876.236328125,3259.699951171875,3294.0,3245.10009765625,3294.0,1384101
2022-12-23,2848.574951171875,3228.35009765625,3266.85009765625,3217.0,3217.0,1360281
2022-12-26,2870.237060546875,3252.89990234375,3272.0,3225.050048828125,3228.35009765625,870157
2022-12-27,2876.060546875,3259.5,3273.800048828125,3231.5,3269.199951171875,835883
2022-12-28,2873.943115234375,3257.10009765625,3266.10009765625,3226.0,3249.800048828125,910795
2022-12-29,2884.222412109375,3268.75,3271.5,3228.0,3231.10009765625,1037927
2022-12-30,2873.59033203125,3256.699951171875,3299.0,3246.199951171875,3286.050048828125,1163131
2023-01-02,2877.781494140625,3261.449951171875,3266.85009765625,3235.199951171875,3261.0,709547
2023-01-03,2921.811767578125,3311.35009765625,3320.0,3245.300048828125,3252.0,1245178
2023-01-04,2924.72216796875,3314.64990234375,3327.35009765625,3286.199951171875,3306.699951171875,1231668
2023-01-05,2921.590576171875,3311.10009765625,3337.300048828125,3281.949951171875,3330.199951171875,1826057
2023-01-06,2833.75146484375,3211.550048828125,3301.550048828125,3200.0,3300.0,2488376
2023-01-09,2929.399169921875,3319.949951171875,3327.0,3221.14990234375,3229.0,2885060
2023-01-10,2899.796142578125,3286.39990234375,3298.0,3230.10009765625,3285.0,3864655
2023-01-11,2937.120361328125,3328.699951171875,3349.5,3271.14990234375,3290.10009765625,2720512
2023-01-12,2942.10546875,3334.35009765625,3350.0,3315.550048828125,3329.0,2250391
2023-01-13,2977.57666015625,3374.550048828125,3379.0,3305.0,3342.89990234375,1742837
2023-01-16,3008.7099609375,3334.050048828125,3353.0,3298.050048828125,3317.0,1843607
2023-01-17,3048.731689453125,3378.39990234375,3381.800048828125,3321.0,3330.0,1688475
2023-01-18,3059.20068359375,3390.0,3408.949951171875,3372.25,3380.0,2421189
2023-01-19,3043.94970703125,3373.10009765625,3387.0,3361.0,3380.0,1585044
2023-01-20,3034.92529296875,3363.10009765625,3394.64990234375,3355.60009765625,3365.0,1529349
2023-01-23,3081.67041015625,3414.89990234375,3419.0,3355.60009765625,3388.0,1067916
2023-01-24,3100.982177734375,3436.300048828125,3451.949951171875,3417.300048828125,3425.0,1387863
2023-01-25,3095.0712890625,3429.75,3435.0,3405.0,3425.300048828125,874110
2023-01-27,3078.1962890625,3411.050048828125,3446.0,3382.300048828125,3426.0,1785879
2023-01-30,3098.5908203125,3433.64990234375,3458.449951171875,3385.550048828125,3420.0,1953798
2023-01-31,3030.954833984375,3358.699951171875,3449.0,3351.0,3449.0,2820375
2023-02-01,3075.760009765625,3408.35009765625,3419.0,3355.0,3363.0,2205161
2023-02-02,3122.73046875,3460.39990234375,3469.0,3420.10009765625,3427.0,1813847
2023-02-03,3142.493896484375,3482.300048828125,3504.0,3452.89990234375,3504.0,1804469
2023-02-06,3122.324462890625,3459.949951171875,3473.14990234375,3436.85009765625,3473.14990234375,1138714
2023-02-07,3133.6953125,3472.550048828125,3493.0,3461.39990234375,3468.89990234375,1455647
2023-02-08,3176.60546875,3520.10009765625,3539.89990234375,3478.050048828125,3478.050048828125,1986946
2023-02-09,3195.33056640625,3540.85009765625,3547.60009765625,3505.300048828125,3515.0,1655427
2023-02-10,3192.35205078125,3537.550048828125,3542.35009765625,3508.14990234375,3520.0,1187821
2023-02-13,3142.583984375,3482.39990234375,3549.0,3473.39990234375,3549.0,1087939
2023-02-14,3158.556396484375,3500.10009765625,3524.85009765625,3495.0,3505.0,1579818
2023-02-15,3177.101318359375,3520.64990234375,3526.0,3460.14990234375,3487.0,1429449
2023-02-16,3210.851806640625,3558.050048828125,3575.0,3527.0,3527.199951171875,1618931
2023-02-17,3159.504150390625,3501.14990234375,3538.89990234375,3490.0,3526.14990234375,1061369
2023-02-20,3147.005859375,3487.300048828125,3522.0,3475.050048828125,3502.0,1296082
2023-02-21,3114.24755859375,3451.0,3508.89990234375,3444.75,3494.0,1139541
2023-02-22,3069.623046875,3401.550048828125,3447.0,3395.0,3414.949951171875,1218430
2023-02-23,3080.677978515625,3413.800048828125,3452.39990234375,3408.0,3421.0,1441570
2023-02-24,3068.63037109375,3400.449951171875,3433.949951171875,3382.300048828125,3422.5,977592
2023-02-27,3006.72509765625,3331.85009765625,3390.0,3316.0,3390.0,1128022
2023-02-28,2989.578857421875,3312.85009765625,3392.0,3299.89990234375,3328.5,4116217
2023-03-01,3055.3193359375,3385.699951171875,3389.0,3315.0,3323.0,1669307
2023-03-02,2997.3388671875,3321.449951171875,3369.89990234375,3318.0,3361.0,1556538
2023-03-03,3016.019287109375,3342.14990234375,3358.0,3331.10009765625,3354.0,1043190
2023-03-06,3042.821044921875,3371.85009765625,3404.949951171875,3359.0,3361.89990234375,1334132
2023-03-08,3059.56103515625,3390.39990234375,3396.0,3330.85009765625,3364.0,1844590
2023-03-09,3011.237060546875,3336.85009765625,3385.0,3330.85009765625,3385.0,1648500
2023-03-10,3005.957763671875,3331.0,3337.25,3290.0,3312.89990234375,1024404
2023-03-13,2961.693603515625,3281.949951171875,3369.800048828125,3272.0,3333.0,1901233
2023-03-14,2901.232177734375,3214.949951171875,3304.39990234375,3209.39990234375,3280.0,2670334
2023-03-15,2886.748046875,3198.89990234375,3260.35009765625,3192.0,3250.0,1780522
2023-03-16,2874.204345703125,3185.0,3219.800048828125,3172.0,3208.0,1901060
2023-03-17,2869.060546875,3179.300048828125,3221.39990234375,3144.0,3150.5,6739966
2023-03-20,2836.573974609375,3143.300048828125,3169.64990234375,3095.050048828125,3169.64990234375,2289468
2023-03-21,2803.00390625,3106.10009765625,3156.75,3097.449951171875,3143.300048828125,1815297
2023-03-22,2825.293212890625,3130.800048828125,3143.5,3106.10009765625,3130.050048828125,1123939
2023-03-23,2819.743896484375,3124.64990234375,3146.35009765625,3101.0,3114.89990234375,1372218
2023-03-24,2815.998291015625,3120.5,3170.0,3106.0,3148.89990234375,1329577
2023-03-27,2817.622802734375,3122.300048828125,3152.75,3106.0,3135.0,1524217
2023-03-28,2811.847412109375,3115.89990234375,3149.550048828125,3110.14990234375,3127.0,1303530
2023-03-29,2832.602783203125,3138.89990234375,3150.0,3104.10009765625,3129.0,1740616
2023-03-31,2893.06494140625,3205.89990234375,3213.0,3152.0,3189.949951171875,2382581
2023-04-03,2887.74072265625,3200.0,3224.949951171875,3173.75,3224.949951171875,1521830
2023-04-05,2923.656982421875,3239.800048828125,3264.35009765625,3185.5,3185.5,2655065
2023-04-06,2906.420654296875,3220.699951171875,3257.35009765625,3215.0,3225.0,1703464
2023-04-10,2944.9541015625,3263.39990234375,3272.0,3215.0,3220.0,2203187
2023-04-11,2900.194091796875,3213.800048828125,3272.949951171875,3192.14990234375,3264.0,2348779
2023-04-12,2925.326416015625,3241.64990234375,3260.949951171875,3199.0,3227.949951171875,2417727
2023-04-13,2877.678955078125,3188.85009765625,3230.0,3180.0,3210.0,4174070
2023-04-17,2833.14453125,3139.5,3163.39990234375,3070.25,3134.10009765625,5505048
2023-04-18,2825.248046875,3130.75,3156.85009765625,3110.60009765625,3154.949951171875,2617302
2023-04-19,2788.113525390625,3089.60009765625,3140.0,3071.5,3130.75,3298034
2023-04-20,2801.830322265625,3104.800048828125,3113.0,3078.0,3090.0,2419999
2023-04-21,2852.41162109375,3160.85009765625,3164.449951171875,3100.800048828125,3110.0,1929184
2023-04-24,2864.999267578125,3174.800048828125,3180.949951171875,3126.14990234375,3151.10009765625,1640676
2023-04-25,2866.08251953125,3176.0,3191.199951171875,3147.5,3183.0,2024090
2023-04-26,2886.0712890625,3198.14990234375,3208.39990234375,3181.0,3181.0,2000029
2023-04-27,2876.866455078125,3187.949951171875,3199.199951171875,3170.64990234375,3185.0,2434446
2023-04-28,2905.1123046875,3219.25,3227.25,3196.25,3200.39990234375,2931312
2023-05-02,2905.248046875,3219.39990234375,3235.0,3210.0,3235.0,2321159
2023-05-03,2869.601806640625,3179.89990234375,3216.0,3173.14990234375,3216.0,2468285
2023-05-04,2906.420654296875,3220.699951171875,3224.449951171875,3178.0,3180.14990234375,1953253
2023-05-05,2915.44482421875,3230.699951171875,3244.0,3210.050048828125,3220.0,1710027
2023-05-08,2933.403076171875,3250.60009765625,3254.85009765625,3231.300048828125,3245.0,928235
2023-05-09,2962.866943359375,3283.25,3298.0,3246.0,3252.60009765625,1107375
2023-05-10,2966.0712890625,3286.800048828125,3306.5,3266.050048828125,3290.0,1559987
2023-05-11,2961.87451171875,3282.14990234375,3309.699951171875,3272.0,3309.0,1719623
2023-05-12,2954.790283203125,3274.300048828125,3290.0,3260.0,3279.14990234375,1027479
2023-05-15,2937.4189453125,3255.050048828125,3292.0,3248.35009765625,3284.0,1150390
2023-05-16,2940.216064453125,3258.14990234375,3285.0,3250.449951171875,3256.199951171875,986306
2023-05-17,2895.59130859375,3208.699951171875,3280.0,3198.25,3255.949951171875,1588815
2023-05-18,2887.60546875,3199.85009765625,3228.949951171875,3195.0,3225.949951171875,1369364
2023-05-19,2908.361083984375,3222.85009765625,3234.5,3203.050048828125,3210.0,1152449
2023-05-22,2976.8095703125,3298.699951171875,3308.449951171875,3217.050048828125,3230.0,1333243
2023-05-23,2975.3203125,3297.050048828125,3327.949951171875,3290.10009765625,3306.0,1687418
2023-05-24,2981.005615234375,3303.35009765625,3317.199951171875,3276.0,3276.0,1016555
2023-05-25,2972.117431640625,3293.5,3306.0,3267.10009765625,3294.0,1374917
2023-05-26,3004.0625,3328.89990234375,3338.64990234375,3291.0,3293.5,1791115
2023-05-29,2996.34716796875,3320.35009765625,3372.0,3312.0,3360.800048828125,1210372
2023-05-30,2992.6015625,3316.199951171875,3326.949951171875,3301.35009765625,3315.0,1344224
2023-05-31,2968.50732421875,3289.5,3327.699951171875,3265.14990234375,3309.0,5815424
2023-06-01,2999.640380859375,3324.0,3340.0,3297.5,3314.0,1177314
2023-06-02,2983.036376953125,3305.60009765625,3335.89990234375,3297.449951171875,3326.25,2030661
2023-06-05,2967.966064453125,3288.89990234375,3327.0,3285.050048828125,3315.0,1861468
2023-06-06,2916.888916015625,3232.300048828125,3288.85009765625,3220.60009765625,3280.0,2022849
2023-06-07,2955.33203125,3274.89990234375,3278.85009765625,3241.0,3253.0,1567196
2023-06-08,2920.634033203125,3236.449951171875,3270.0,3233.0,3261.0,1759366
2023-06-09,2896.133544921875,3209.300048828125,3250.0,3205.35009765625,3245.0,1775689
2023-06-12,2930.06396484375,3246.89990234375,3254.39990234375,3211.0,3215.0,2324605
2023-06-13,2927.1767578125,3243.699951171875,3265.0,3239.0,3260.0,1371928
2023-06-14,2933.80908203125,3251.050048828125,3255.85009765625,3225.85009765625,3243.699951171875,1658544
2023-06-15,2924.036376953125,3216.300048828125,3247.449951171875,3210.0,3245.300048828125,2273810
2023-06-16,2886.398193359375,3174.89990234375,3199.39990234375,3156.0,3197.0,4156189
2023-06-19,2918.672119140625,3210.39990234375,3214.89990234375,3175.0,3190.0,1468186
2023-06-20,2934.39990234375,3227.699951171875,3232.5,3201.050048828125,3214.0,1528452
2023-06-21,2962.128662109375,3258.199951171875,3261.39990234375,3223.949951171875,3250.0,1645987
2023-06-22,2944.218505859375,3238.5,3267.64990234375,3230.10009765625,3260.0,1529603
2023-06-23,2924.08154296875,3216.35009765625,3249.39990234375,3209.14990234375,3237.300048828125,1119505
2023-06-26,2899.8076171875,3189.64990234375,3213.89990234375,3173.0,3205.0,1978803
2023-06-27,2906.807861328125,3197.35009765625,3209.64990234375,3182.300048828125,3202.0,863542
2023-06-28,2923.26318359375,3215.449951171875,3230.949951171875,3193.39990234375,3208.0,1575872
2023-06-30,3002.175537109375,3302.25,3310.0,3214.10009765625,3220.0,2672406
2023-07-03,2974.947265625,3272.300048828125,3318.800048828125,3268.75,3314.300048828125,1687264
2023-07-04,3008.17626953125,3308.85009765625,3315.0,3277.300048828125,3290.0,1656681
2023-07-05,3018.267333984375,3319.949951171875,3329.0,3305.0,3320.0,1453008
2023-07-06,3020.94873046875,3322.89990234375,3328.449951171875,3302.0,3306.550048828125,1848238
2023-07-07,3026.721923828125,3329.25,3356.89990234375,3302.0,3302.0,1789326
2023-07-10,2974.62939453125,3271.949951171875,3324.75,3265.199951171875,3324.75,1407431
2023-07-11,2975.038330078125,3272.39990234375,3295.0,3260.800048828125,3295.0,1110172
2023-07-12,2963.673583984375,3259.89990234375,3289.14990234375,3250.10009765625,3280.949951171875,1515240
2023-07-13,3036.99560546875,3340.550048828125,3367.449951171875,3272.75,3284.0,4585146
2023-07-14,3195.27490234375,3514.64990234375,3524.85009765625,3352.0,3365.0,6306101
2023-07-17,3174.410400390625,3491.699951171875,3549.89990234375,3477.050048828125,3510.0,2743228
2023-07-18,3179.0927734375,3496.85009765625,3524.0,3465.0,3476.0,2600090
2023-07-19,3154.727783203125,3470.050048828125,3516.85009765625,3445.64990234375,3500.0,2405370
2023-07-20,3156.778564453125,3463.300048828125,3478.89990234375,3436.050048828125,3453.10009765625,1715404
2023-07-21,3070.1865234375,3368.300048828125,3434.89990234375,3359.050048828125,3404.050048828125,3770223
2023-07-24,3094.295654296875,3394.75,3413.449951171875,3372.10009765625,3381.0,1680132
2023-07-25,3098.30615234375,3399.14990234375,3406.800048828125,3380.199951171875,3397.5,1272980
2023-07-26,3088.416748046875,3388.300048828125,3420.85009765625,3385.0,3400.35009765625,1066803
2023-07-27,3096.25537109375,3396.89990234375,3411.64990234375,3385.050048828125,3394.949951171875,1701769
2023-07-28,3058.428466796875,3355.39990234375,3393.699951171875,3331.0,3385.0,2599831
2023-07-31,3118.632568359375,3421.449951171875,3426.64990234375,3360.89990234375,3364.39990234375,2743678
2023-08-01,3146.5244140625,3452.050048828125,3460.0,3415.0,3415.0,1956167
2023-08-02,3136.13330078125,3440.64990234375,3446.39990234375,3413.60009765625,3434.949951171875,1914899
2023-08-03,3099.035888671875,3399.949951171875,3433.25,3368.0,3420.0,2026351
2023-08-04,3138.777099609375,3443.550048828125,3471.0,3401.25,3401.25,2248493
2023-08-07,3175.692138671875,3484.050048828125,3488.0,3441.25,3453.949951171875,1853889
2023-08-08,3163.4326171875,3470.60009765625,3489.949951171875,3456.60009765625,3484.050048828125,1634225
2023-08-09,3156.0498046875,3462.5,3467.0,3425.050048828125,3464.89990234375,1794589
2023-08-10,3137.454833984375,3442.10009765625,3464.89990234375,3430.050048828125,3450.0,1096701
2023-08-11,3143.56201171875,3448.800048828125,3466.64990234375,3414.0,3438.10009765625,1679974
2023-08-14,3144.51904296875,3449.85009765625,3455.0,3411.0,3440.699951171875,1190425
2023-08-16,3152.312255859375,3458.39990234375,3466.0,3435.199951171875,3450.0,1328445
2023-08-17,3131.6669921875,3435.75,3460.800048828125,3413.199951171875,3455.0,1843241
2023-08-18,3069.09326171875,3367.10009765625,3410.0,3356.5,3410.0,2526749
2023-08-21,3100.584716796875,3401.64990234375,3409.75,3372.0,3375.0,1375579
2023-08-22,3082.810546875,3382.14990234375,3411.0,3365.050048828125,3400.0,1222012
2023-08-23,3097.486083984375,3398.25,3402.0,3376.0,3388.0,1330046
2023-08-24,3087.91552734375,3387.75,3413.050048828125,3378.10009765625,3408.0,1152881
2023-08-25,3082.0361328125,3381.300048828125,3385.800048828125,3350.25,3375.0,1158046
2023-08-28,3076.795166015625,3375.550048828125,3394.0,3360.10009765625,3394.0,1037485
2023-08-29,3077.342041015625,3376.14990234375,3389.550048828125,3365.0,3381.050048828125,944517
2023-08-30,3090.83203125,3390.949951171875,3408.10009765625,3383.050048828125,3398.0,1188200
2023-08-31,3059.70458984375,3356.800048828125,3417.39990234375,3343.64990234375,3401.0,3417652
2023-09-01,3080.121826171875,3379.199951171875,3389.0,3356.800048828125,3366.0,1277950
2023-09-04,3115.943603515625,3418.5,3432.85009765625,3370.050048828125,3378.0,1828332
2023-09-05,3125.83349609375,3429.35009765625,3447.0,3405.14990234375,3420.0,1501842
2023-09-06,3126.334716796875,3429.89990234375,3443.89990234375,3398.10009765625,3434.0,1314818
2023-09-07,3149.441162109375,3455.25,3460.0,3422.300048828125,3430.800048828125,1885092
2023-09-08,3137.272705078125,3441.89990234375,3465.0,3435.050048828125,3455.25,1518917
2023-09-11,3172.593017578125,3480.64990234375,3485.699951171875,3445.0,3462.0,1783604
2023-09-12,3263.87890625,3580.800048828125,3589.89990234375,3483.0,3492.0,4476016
2023-09-13,3252.075439453125,3567.85009765625,3588.85009765625,3545.0,3571.10009765625,1754929
2023-09-14,3244.96533203125,3560.050048828125,3597.699951171875,3545.60009765625,3570.050048828125,2604721
2023-09-15,3279.830078125,3598.300048828125,3607.35009765625,3562.449951171875,3567.85009765625,2952897
2023-09-18,3286.985107421875,3606.14990234375,3619.300048828125,3575.25,3580.050048828125,1395753
2023-09-20,3286.89453125,3606.050048828125,3625.0,3580.0,3580.0,1649396
2023-09-21,3267.981201171875,3585.300048828125,3605.0,3528.0,3588.550048828125,2004073
2023-09-22,3284.706787109375,3603.64990234375,3633.75,3565.050048828125,3584.0,1989083
2023-09-25,3260.552734375,3577.14990234375,3620.0,3558.64990234375,3602.5,1238778
2023-09-26,3268.34521484375,3585.699951171875,3594.949951171875,3536.0,3567.60009765625,1726062
2023-09-27,3271.626953125,3589.300048828125,3614.0,3555.699951171875,3590.0,1541134
2023-09-28,3223.728271484375,3536.75,3602.800048828125,3527.35009765625,3600.0,1755753
2023-09-29,3216.29931640625,3528.60009765625,3568.449951171875,3505.550048828125,3537.199951171875,2243791
2023-10-03,3202.85498046875,3513.85009765625,3534.199951171875,3480.10009765625,3534.199951171875,1948148
2023-10-04,3224.639404296875,3537.75,3548.0,3477.300048828125,3486.300048828125,1788138
2023-10-05,3271.673095703125,3589.35009765625,3624.0,3551.199951171875,3554.0,2990768
2023-10-06,3300.885986328125,3621.39990234375,3634.949951171875,3575.050048828125,3591.0,2075691
2023-10-09,3316.336181640625,3638.35009765625,3679.0,3631.0,3645.050048828125,4233074
2023-10-10,3307.722412109375,3628.89990234375,3648.0,3601.35009765625,3640.050048828125,1848148
2023-10-11,3290.40380859375,3609.89990234375,3650.0,3605.0,3650.0,2426417
2023-10-12,3229.0146484375,3542.550048828125,3588.64990234375,3538.10009765625,3575.0,4241281
2023-10-13,3254.81005859375,3570.85009765625,3577.0,3525.0,3530.0,2890357
2023-10-16,3212.15185546875,3524.050048828125,3574.64990234375,3519.10009765625,3566.0,1671104
2023-10-17,3196.656494140625,3507.050048828125,3534.14990234375,3503.35009765625,3530.0,1672065
2023-10-18,3178.609130859375,3487.25,3522.699951171875,3484.0,3511.0,1408245
2023-10-19,3157.9560546875,3455.64990234375,3476.85009765625,3451.89990234375,3469.5,1514545
2023-10-20,3193.5048828125,3494.550048828125,3499.5,3444.050048828125,3450.39990234375,1481211
2023-10-23,3116.375732421875,3410.14990234375,3478.949951171875,3401.300048828125,3473.0,1106272
2023-10-25,3098.052978515625,3390.10009765625,3425.0,3377.199951171875,3390.5,1518537
2023-10-26,3049.298828125,3336.75,3373.699951171875,3330.0,3368.050048828125,1984471
2023-10-27,3062.275146484375,3350.949951171875,3362.0,3337.0,3350.0,1108851
2023-10-30,3087.497802734375,3378.550048828125,3382.85009765625,3333.75,3350.0,910972
2023-10-31,3078.5419921875,3368.75,3399.0,3350.050048828125,3399.0,999811
2023-11-01,3043.72412109375,3330.64990234375,3371.60009765625,3311.0,3355.0,1563475
2023-11-02,3070.63720703125,3360.10009765625,3375.949951171875,3343.199951171875,3343.199951171875,1245384
2023-11-03,3062.2294921875,3350.89990234375,3387.89990234375,3344.300048828125,3382.0,1402598
2023-11-06,3089.0517578125,3380.25,3392.300048828125,3359.0,3375.0,1099852
2023-11-07,3080.095458984375,3370.449951171875,3404.14990234375,3366.0,3378.0,1191144
2023-11-08,3090.23974609375,3381.550048828125,3401.949951171875,3369.550048828125,3371.449951171875,992899
2023-11-09,3059.07666015625,3347.449951171875,3391.5,3342.050048828125,3390.10009765625,2112352
2023-11-10,3046.282958984375,3333.449951171875,3347.449951171875,3322.35009765625,3338.0,1338557
2023-11-13,3044.546875,3331.550048828125,3356.0,3327.0,3356.0,1030990
2023-11-15,3111.02978515625,3404.300048828125,3413.0,3356.050048828125,3383.10009765625,2059802
2023-11-16,3196.520751953125,3497.85009765625,3529.35009765625,3414.199951171875,3430.050048828125,3951984
2023-11-17,3200.72412109375,3502.449951171875,3524.5,3492.550048828125,3497.85009765625,2021292
2023-11-20,3216.397216796875,3519.60009765625,3533.89990234375,3491.25,3491.25,1475621
2023-11-21,3207.80615234375,3510.199951171875,3539.050048828125,3501.0,3519.60009765625,1807236
2023-11-22,3226.0380859375,3530.14990234375,3532.64990234375,3481.10009765625,3500.0,1798051
2023-11-23,3206.024658203125,3508.25,3544.0,3500.0,3530.0,2729804
2023-11-24,3159.281005859375,3457.10009765625,3504.550048828125,3453.0,3494.25,1989733
2023-11-28,3171.206787109375,3470.14990234375,3481.25,3433.0,3457.10009765625,1689195
2023-11-29,3211.05078125,3513.75,3518.0,3475.800048828125,3481.0,1441634
2023-11-30,3187.153564453125,3487.60009765625,3516.64990234375,3481.0,3499.449951171875,3266235
2023-12-01,3209.1318359375,3511.64990234375,3516.949951171875,3490.050048828125,3500.0,1172141
2023-12-04,3209.86279296875,3512.449951171875,3547.800048828125,3498.0,3544.64990234375,1625213
2023-12-05,3227.36279296875,3531.60009765625,3538.0,3502.800048828125,3538.0,1377656
2023-12-06,3293.617431640625,3604.10009765625,3612.85009765625,3525.14990234375,3532.60009765625,1896572
2023-12-07,3303.487060546875,3614.89990234375,3630.550048828125,3591.699951171875,3605.0,1967653
2023-12-08,3314.2705078125,3626.699951171875,3645.0,3602.050048828125,3633.0,1641155
2023-12-11,3329.074951171875,3642.89990234375,3653.0,3615.0,3622.89990234375,1102503
2023-12-12,3355.759521484375,3672.10009765625,3698.39990234375,3631.0,3638.949951171875,2236866
2023-12-13,3283.975830078125,3593.550048828125,3650.0,3563.0,3643.550048828125,3850968
2023-12-14,3351.327392578125,3667.25,3678.0,3627.60009765625,3630.0,3290396
2023-12-15,3528.38623046875,3861.0,3895.949951171875,3666.699951171875,3666.699951171875,8531230
2023-12-18,3526.7412109375,3859.199951171875,3929.0,3830.14990234375,3858.10009765625,2521612
2023-12-19,3487.445556640625,3816.199951171875,3855.10009765625,3790.0,3845.0,2004435
2023-12-20,3454.409912109375,3780.050048828125,3898.800048828125,3766.550048828125,3827.25,2586083
2023-12-21,3461.21826171875,3787.5,3806.699951171875,3743.35009765625,3756.25,1517562
2023-12-22,3494.573974609375,3824.0,3845.949951171875,3762.0,3800.0,2413058
2023-12-26,3468.574462890625,3795.550048828125,3834.0,3790.14990234375,3819.85009765625,1285231
2023-12-27,3482.8759765625,3811.199951171875,3818.199951171875,3768.0,3799.0,1293976
2023-12-28,3472.550048828125,3799.89990234375,3838.0,3792.10009765625,3824.0,1682889
2023-12-29,3466.609375,3793.39990234375,3822.60009765625,3765.39990234375,3792.0,1574996
2024-01-01,3482.78515625,3811.10009765625,3832.0,3773.0,3790.0,825907
2024-01-02,3457.288330078125,3783.199951171875,3811.10009765625,3767.25,3811.10009765625,1344068
2024-01-03,3373.716552734375,3691.75,3771.85009765625,3687.050048828125,3767.0,1803075
2024-01-04,3350.916259765625,3666.800048828125,3719.0,3651.0,3701.75,3598144
2024-01-05,3415.890869140625,3737.89990234375,3747.75,3674.85009765625,3675.0,1963127
2024-01-08,3361.42578125,3678.300048828125,3739.75,3672.39990234375,3737.89990234375,1067805
2024-01-09,3372.02587890625,3689.89990234375,3752.35009765625,3682.75,3709.949951171875,1370944
2024-01-10,3393.181640625,3713.050048828125,3729.25,3688.0,3690.0,1292227
2024-01-11,3413.743408203125,3735.550048828125,3773.0,3707.0,3724.0,1777909
2024-01-12,3548.308349609375,3882.800048828125,3905.25,3821.60009765625,3848.0,6813450
2024-01-15,3567.4990234375,3903.800048828125,3965.0,3885.0,3960.0,2801505
2024-01-16,3528.66064453125,3861.300048828125,3899.0,3855.550048828125,3899.0,1432672
2024-01-17,3549.953125,3884.60009765625,3909.949951171875,3812.550048828125,3819.0,3458696
2024-01-18,3566.402587890625,3902.60009765625,3908.800048828125,3862.0,3898.0,2239110
2024-01-19,3628.4716796875,3943.050048828125,3963.550048828125,3915.050048828125,3945.0,2941975
2024-01-23,3550.436767578125,3858.25,3933.89990234375,3842.75,3900.0,2618854
2024-01-24,3535.299560546875,3841.800048828125,3883.64990234375,3805.60009765625,3880.0,2657709
2024-01-25,3506.3125,3810.300048828125,3861.0,3778.699951171875,3839.89990234375,2205154
2024-01-29,3497.754150390625,3801.0,3820.0,3780.85009765625,3800.800048828125,1646747
2024-01-30,3497.339599609375,3800.550048828125,3847.800048828125,3787.0,3807.449951171875,1411621
2024-01-31,3511.51123046875,3815.949951171875,3834.0,3796.449951171875,3811.199951171875,2459358
2024-02-01,3546.663818359375,3854.14990234375,3904.89990234375,3805.050048828125,3820.0,2363107
2024-02-02,3649.866455078125,3966.300048828125,3984.39990234375,3872.0,3875.050048828125,2826510
2024-02-05,3656.30810546875,3973.300048828125,4022.0,3962.10009765625,3983.0,1691523
2024-02-06,3806.02783203125,4136.0,4149.89990234375,3990.0,3997.0,4474396
2024-02-07,3757.623779296875,4083.39990234375,4155.0,4073.949951171875,4153.0,2124267
2024-02-08,3804.279541015625,4134.10009765625,4158.0,4086.050048828125,4090.0,2345173
2024-02-09,3803.911376953125,4133.7001953125,4184.75,4100.0,4136.5498046875,2100596
2024-02-12,3791.9482421875,4120.7001953125,4159.60009765625,4105.5498046875,4130.0,1013716
2024-02-13,3818.450927734375,4149.5,4170.0,4081.5,4125.4501953125,1257415
2024-02-14,3772.991943359375,4100.10009765625,4114.89990234375,4049.5,4107.0,1391283
2024-02-15,3775.84423828125,4103.2001953125,4146.2998046875,4083.0,4128.0,1091582
2024-02-16,3798.942138671875,4128.2998046875,4147.9501953125,4100.10009765625,4113.25,1307556
2024-02-19,3776.396240234375,4103.7998046875,4128.2998046875,4055.0,4123.0498046875,772291
2024-02-20,3709.082763671875,4030.64990234375,4098.0,4010.0,4082.10009765625,1193648
2024-02-21,3673.055908203125,3991.5,4063.35009765625,3980.60009765625,4013.0,1885939
2024-02-22,3761.029296875,4087.10009765625,4094.949951171875,3971.0,3971.0,2982052
2024-02-23,3728.821533203125,4052.10009765625,4130.0,4046.39990234375,4130.0,2538072
2024-02-26,3681.84423828125,4001.050048828125,4050.0,3982.75,4036.0,1379284
2024-02-27,3776.948486328125,4104.39990234375,4124.0,3999.0,3999.0,2960475
2024-02-28,3790.3388671875,4118.9501953125,4154.89990234375,4089.0,4095.60009765625,1939225
2024-02-29,3768.390869140625,4095.10009765625,4138.10009765625,4064.550048828125,4099.0,3772719
2024-03-01,3767.70068359375,4094.35009765625,4140.0,4086.800048828125,4107.2001953125,2043265
2024-03-04,3755.13916015625,4080.699951171875,4117.89990234375,4075.89990234375,4105.0,1749271
2024-03-05,3692.0126953125,4012.10009765625,4064.0,3980.0,4062.0,2070859
2024-03-06,3740.0478515625,4064.300048828125,4072.0,3958.449951171875,3994.050048828125,1744204
2024-03-07,3780.81396484375,4108.60009765625,4124.0,4037.699951171875,4065.0,2688905
2024-03-11,3793.467041015625,4122.35009765625,4153.0,4089.0,4089.0,2304068
2024-03-12,3857.790283203125,4192.25,4229.9501953125,4121.0498046875,4122.35009765625,4039801
2024-03-13,3817.990478515625,4149.0,4241.0,4131.89990234375,4205.0,2837260
2024-03-14,3871.915283203125,4207.60009765625,4225.0,4086.0,4153.4501953125,2919608
2024-03-15,3882.6357421875,4219.25,4239.0,4177.0,4192.60009765625,3373143
2024-03-18,3821.211669921875,4152.5,4254.75,4117.85009765625,4215.25,1526904
2024-03-19,3659.989013671875,3977.300048828125,4058.0,3966.60009765625,4051.25,8931209
2024-03-20,3654.099365234375,3970.89990234375,4018.0,3960.199951171875,3986.0,1817913
2024-03-21,3655.985595703125,3972.949951171875,4008.39990234375,3948.0,3990.050048828125,3829582
2024-03-22,3598.886474609375,3910.89990234375,3938.0,3855.0,3897.0,5852485
2024-03-26,3568.15087890625,3877.5,3946.699951171875,3871.449951171875,3875.0,3440925
2024-03-27,3534.470947265625,3840.89990234375,3895.0,3829.39990234375,3888.5,1968575
2024-03-28,3567.046630859375,3876.300048828125,3915.0,3840.5,3850.10009765625,4311783
2024-04-01,3604.26953125,3916.75,3933.300048828125,3888.050048828125,3897.699951171875,1569676
2024-04-02,3573.948486328125,3883.800048828125,3909.85009765625,3873.0,3890.0,2142666
2024-04-03,3632.38232421875,3947.300048828125,3981.0,3851.0,3851.0,3973090
2024-04-04,3683.9150390625,4003.300048828125,4028.64990234375,3935.25,3975.89990234375,3394637
2024-04-05,3661.783447265625,3979.25,4002.0,3960.5,3978.0,1636819
2024-04-08,3655.61767578125,3972.550048828125,4032.64990234375,3960.0,3983.0,2302538
2024-04-09,3631.6923828125,3946.550048828125,4015.85009765625,3925.050048828125,3984.0,1876992
2024-04-10,3666.75244140625,3984.64990234375,3990.199951171875,3918.0,3956.39990234375,2101965
2024-04-12,3682.166015625,4001.39990234375,4013.35009765625,3945.5,3971.0,4354821
2024-04-15,3626.76904296875,3941.199951171875,4064.199951171875,3919.050048828125,4001.39990234375,4200329
2024-04-16,3563.825927734375,3872.800048828125,3928.699951171875,3862.85009765625,3902.0,3051420
2024-04-18,3553.88720703125,3862.0,3936.0,3850.0,3876.800048828125,3476284
2024-04-19,3520.943603515625,3826.199951171875,3852.550048828125,3800.89990234375,3838.0,2957749
2024-04-22,3556.280517578125,3864.60009765625,3878.0,3812.0,3837.0,1728883
2024-04-23,3565.57470703125,3874.699951171875,3895.0,3860.60009765625,3877.050048828125,1807586
2024-04-24,3525.406982421875,3831.050048828125,3898.0,3824.449951171875,3890.0,1317312
2024-04-25,3544.86962890625,3852.199951171875,3873.64990234375,3811.0,3811.199951171875,2856271
2024-04-26,3516.481201171875,3821.35009765625,3876.800048828125,3802.550048828125,3855.14990234375,2039178
2024-04-29,3561.433349609375,3870.199951171875,3877.800048828125,3819.199951171875,3838.0,1110693
2024-04-30,3515.83642578125,3820.64990234375,3881.75,3810.0,3872.0,2203078
2024-05-02,3555.083984375,3863.300048828125,3871.10009765625,3778.050048828125,3778.050048828125,2491044
2024-05-03,3536.77099609375,3843.39990234375,3893.60009765625,3797.60009765625,3890.14990234375,2962234
2024-05-06,3608.226806640625,3921.050048828125,3939.949951171875,3853.0,3853.0,2053831
2024-05-07,3661.507080078125,3978.949951171875,3988.0,3913.5,3930.800048828125,2062112
2024-05-08,3659.6669921875,3976.949951171875,3984.300048828125,3938.60009765625,3961.0,1247685
2024-05-09,3644.253173828125,3960.199951171875,3971.0,3910.050048828125,3962.0,1726486
2024-05-10,3583.242919921875,3893.89990234375,3973.60009765625,3885.050048828125,3962.60009765625,1672489
2024-05-13,3632.842529296875,3947.800048828125,3955.0,3870.0,3884.5,931326
2024-05-14,3589.960693359375,3901.199951171875,3945.800048828125,3892.89990234375,3936.0,1058317
2024-05-15,3570.819580078125,3880.39990234375,3926.949951171875,3875.5,3904.5,1115021
2024-05-16,3615.821044921875,3900.949951171875,3909.5,3843.5,3891.10009765625,2599399
2024-05-17,3553.857177734375,3834.10009765625,3920.0,3830.0,3919.0,2765804
2024-05-21,3540.972900390625,3820.199951171875,3844.75,3810.050048828125,3830.60009765625,1908117
2024-05-22,3551.910888671875,3832.0,3841.25,3817.550048828125,3835.0,1311168
2024-05-23,3608.868896484375,3893.449951171875,3905.0,3825.5,3840.949951171875,2095742
2024-05-24,3568.131591796875,3849.5,3883.800048828125,3844.300048828125,3878.25,1309452
2024-05-27,3565.86083984375,3847.050048828125,3908.35009765625,3841.35009765625,3855.0,1841538
2024-05-28,3559.232666015625,3839.89990234375,3870.0,3830.0,3858.0,1801993
2024-05-29,3525.6328125,3803.64990234375,3848.89990234375,3800.0,3848.89990234375,1568095
2024-05-30,3463.02001953125,3736.10009765625,3794.39990234375,3715.449951171875,3777.0,2919230
2024-05-31,3402.63232421875,3670.949951171875,3749.800048828125,3653.75,3740.0,10956800
2024-06-03,3432.20068359375,3702.85009765625,3751.550048828125,3696.0,3732.800048828125,2156773
2024-06-04,3443.462158203125,3715.0,3745.0,3591.5,3700.0,3395997
2024-06-05,3472.613525390625,3746.449951171875,3783.800048828125,3700.0,3716.0,2799670
2024-06-06,3550.427490234375,3830.39990234375,3839.89990234375,3741.5,3781.0,4328036
2024-06-07,3609.33251953125,3893.949951171875,3915.0,3837.300048828125,3837.300048828125,4552445
2024-06-10,3576.6591796875,3858.699951171875,3905.89990234375,3841.89990234375,3895.0,1734661
2024-06-11,3570.54150390625,3852.10009765625,3879.949951171875,3841.0,3845.0,1419898
2024-06-12,3551.586669921875,3831.64990234375,3893.5,3827.449951171875,3874.39990234375,2177001
2024-06-13,3594.68701171875,3878.14990234375,3890.0,3852.0,3856.800048828125,1932323
2024-06-14,3551.956787109375,3832.050048828125,3889.0,3828.0,3889.0,1860730
2024-06-18,3536.24658203125,3815.10009765625,3842.0,3795.050048828125,3826.050048828125,1774045
2024-06-19,3523.825439453125,3801.699951171875,3833.85009765625,3792.949951171875,3827.64990234375,1509050
2024-06-20,3510.431884765625,3787.25,3809.949951171875,3780.050048828125,3796.0,2846526
2024-06-21,3532.213623046875,3810.75,3877.800048828125,3798.050048828125,3827.0,4642195
2024-06-24,3537.82177734375,3816.800048828125,3857.0,3791.300048828125,3808.75,1702154
2024-06-25,3557.88916015625,3838.449951171875,3847.64990234375,3792.89990234375,3817.0,1338808
2024-06-26,3574.01708984375,3855.85009765625,3866.949951171875,3841.0,3844.5,1639845
2024-06-27,3646.593994140625,3934.14990234375,3942.0,3818.10009765625,3831.0,4526556
2024-06-28,3618.787109375,3904.14990234375,3960.0,3897.85009765625,3917.800048828125,2731571
2024-07-01,3687.424560546875,3978.199951171875,4001.699951171875,3884.0,3884.0,2658723
2024-07-02,3723.759521484375,4017.39990234375,4023.39990234375,3982.550048828125,3993.60009765625,2307449
2024-07-03,3675.42138671875,3965.25,4026.10009765625,3955.0,4020.0,1821198
2024-07-04,3727.0498046875,4020.949951171875,4047.35009765625,3982.10009765625,3999.85009765625,2518001
2024-07-05,3718.569091796875,4011.800048828125,4026.75,3988.0,4010.0,1668616
2024-07-08,3701.327880859375,3993.199951171875,4031.25,3978.050048828125,4022.0,1758882
2024-07-09,3694.191162109375,3985.5,4006.949951171875,3975.10009765625,3985.0,1305801
2024-07-10,3623.42138671875,3909.14990234375,4003.300048828125,3902.0,3983.699951171875,2669716
2024-07-11,3636.908203125,3923.699951171875,3980.0,3895.60009765625,3931.0,4872189
2024-07-12,3878.1357421875,4183.9501953125,4199.9501953125,3971.300048828125,3980.0,13509164
2024-07-15,3864.464111328125,4169.2001953125,4240.0,4157.0498046875,4235.7001953125,4848030
2024-07-16,3873.03857421875,4178.4501953125,4194.5498046875,4144.89990234375,4172.0,2029521
2024-07-18,4000.116455078125,4315.5498046875,4325.0,4160.0,4160.0,5613364
2024-07-19,3997.190673828125,4302.39990234375,4358.75,4285.25,4317.39990234375,3903354
2024-07-22,3983.2080078125,4287.35009765625,4319.9501953125,4265.0,4299.9501953125,1896386
2024-07-23,3997.1435546875,4302.35009765625,4361.7001953125,4266.2998046875,4283.0,2365208
2024-07-24,4000.76708984375,4306.25,4339.10009765625,4268.10009765625,4287.5,1809793
2024-07-25,4015.8642578125,4322.5,4343.0,4274.2001953125,4295.0,2810342
2024-07-26,4076.578857421875,4387.85009765625,4422.4501953125,4337.0498046875,4350.0,3552210
2024-07-29,4070.307861328125,4381.10009765625,4431.0,4371.0,4415.0,1746803
2024-07-30,4055.6748046875,4365.35009765625,4398.0,4327.2998046875,4391.10009765625,1797906
2024-07-31,4074.256591796875,4385.35009765625,4414.0,4345.0,4350.0,2330091
2024-08-01,4085.173095703125,4397.10009765625,4419.2998046875,4365.0498046875,4399.39990234375,2202244
2024-08-02,3979.212890625,4283.0498046875,4398.0,4270.0,4365.0,2811282
2024-08-05,3860.29296875,4155.0498046875,4239.0,4110.5,4239.0,2787771
2024-08-06,3875.297607421875,4171.2001953125,4258.25,4160.7998046875,4170.9501953125,2203067
2024-08-07,3902.47265625,4200.4501953125,4244.9501953125,4180.2998046875,4228.0,1237666
2024-08-08,3876.551513671875,4172.5498046875,4232.0,4160.0,4181.0,2441283
2024-08-09,3928.76513671875,4228.75,4253.64990234375,4205.5498046875,4217.0,1302536
2024-08-12,3898.012939453125,4195.64990234375,4239.0,4186.35009765625,4230.0,936912
2024-08-13,3899.220947265625,4196.9501953125,4234.0,4183.0,4213.0,1495593
2024-08-14,3990.5478515625,4295.25,4306.2001953125,4188.14990234375,4209.0,3226545
2024-08-16,4102.77734375,4416.0498046875,4427.0,4325.10009765625,4350.0,3457058
2024-08-19,4171.48193359375,4490.0,4494.25,4390.35009765625,4421.0,2055210
2024-08-20,4202.419921875,4523.2998046875,4565.0,4500.0,4505.0,2212298
2024-08-21,4228.619140625,4551.5,4560.0,4492.5498046875,4518.0,1896990
2024-08-22,4182.630859375,4502.0,4560.9501953125,4497.2001953125,4560.0,1829872
2024-08-23,4147.234375,4463.89990234375,4506.0,4455.0,4500.0,1809253
2024-08-26,4183.048828125,4502.4501953125,4552.14990234375,4485.0,4489.0,1844164
2024-08-27,4178.125,4497.14990234375,4510.0,4486.7998046875,4505.0,930697
2024-08-28,4186.3935546875,4506.0498046875,4562.5,4457.2998046875,4498.75,1848058
2024-08-29,4191.73486328125,4511.7998046875,4556.0,4460.0,4460.0,2133641
2024-08-30,4230.70947265625,4553.75,4592.25,4487.7998046875,4500.0,3637222
2024-09-02,4200.3291015625,4521.0498046875,4588.0,4512.0,4576.0,1216500
2024-09-03,4192.24658203125,4512.35009765625,4555.89990234375,4495.89990234375,4521.0498046875,1717263
2024-09-04,4161.49462890625,4479.25,4487.0,4436.7001953125,4476.9501953125,1265505
2024-09-05,4158.42822265625,4475.9501953125,4499.0,4454.14990234375,4481.0,1688793
2024-09-06,4140.59033203125,4456.75,4518.9501953125,4440.0,4473.9501953125,1649179
2024-09-09,4133.90185546875,4449.5498046875,4490.25,4430.5,4455.0,1184938
2024-09-10,4188.06591796875,4507.85009765625,4539.9501953125,4440.4501953125,4442.4501953125,1385591
2024-09-11,4161.587890625,4479.35009765625,4549.35009765625,4471.25,4521.4501953125,1325919
2024-09-12,4197.21728515625,4517.7001953125,4532.60009765625,4431.2998046875,4510.25,2742216
2024-09-13,4201.77001953125,4522.60009765625,4547.0,4505.0,4530.0,1458786
2024-09-16,4193.0830078125,4513.25,4546.0498046875,4494.4501953125,4527.0,1155120
2024-09-17,4186.021484375,4505.64990234375,4535.7998046875,4466.0,4513.25,1699364
2024-09-18,4037.8369140625,4346.14990234375,4497.0498046875,4321.0,4497.0498046875,2961779
2024-09-19,3991.383544921875,4296.14990234375,4422.2001953125,4281.7998046875,4390.0498046875,2927551
2024-09-20,3980.93212890625,4284.89990234375,4330.7001953125,4227.5,4316.89990234375,5447908
2024-09-23,3965.69482421875,4268.5,4309.39990234375,4253.0,4300.0,1702319
2024-09-24,3968.29638671875,4271.2998046875,4291.0,4240.0,4251.64990234375,3012026
2024-09-25,3971.50146484375,4274.75,4289.60009765625,4240.0,4252.35009765625,2713073
2024-09-26,3987.992431640625,4292.5,4316.7998046875,4260.0,4260.0,3964251
2024-09-27,4003.044189453125,4308.7001953125,4378.0,4300.0498046875,4335.0,3012477
2024-09-30,3965.69482421875,4268.5,4298.75,4260.0498046875,4286.89990234375,2503416
2024-10-01,3983.71875,4287.89990234375,4295.75,4242.9501953125,4255.5498046875,1823365
2024-10-03,3932.48095703125,4232.75,4279.0,4210.0,4262.60009765625,3350119
2024-10-04,3950.59814453125,4252.25,4298.0,4224.0498046875,4225.0,2965463
2024-10-07,3969.736572265625,4272.85009765625,4297.25,4229.39990234375,4273.89990234375,1472619
2024-10-08,3951.52734375,4253.25,4279.39990234375,4203.9501953125,4272.60009765625,1541867
2024-10-09,3951.248779296875,4252.9501953125,4295.0,4246.7001953125,4260.0,1082504
2024-10-10,3927.510498046875,4227.39990234375,4293.85009765625,4198.60009765625,4253.25,2378875
2024-10-11,3854.858642578125,4149.2001953125,4241.9501953125,4112.4501953125,4143.0,5759183
2024-10-14,3843.1982421875,4136.64990234375,4165.39990234375,4122.2001953125,4140.0,2137590
2024-10-15,3824.756591796875,4116.7998046875,4169.9501953125,4095.0,4131.0498046875,2759474
2024-10-16,3804.45703125,4094.949951171875,4115.0,4067.199951171875,4085.0,2359151
2024-10-17,3817.51025390625,4109.0,4129.9501953125,4092.949951171875,4112.7998046875,2522659
2024-10-18,3839.908203125,4123.0498046875,4146.14990234375,4080.0,4090.0,2361000
2024-10-21,3799.675048828125,4079.85009765625,4139.9501953125,4070.0,4132.60009765625,1595450
2024-10-22,3739.744140625,4015.5,4089.800048828125,4006.35009765625,4066.0,1928049
2024-10-23,3787.009033203125,4066.25,4113.5498046875,3995.14990234375,3999.60009765625,1966476
2024-10-24,3769.919189453125,4047.89990234375,4079.0,4004.0,4004.0,2676744
2024-10-25,3778.906494140625,4057.550048828125,4092.0,4032.699951171875,4057.050048828125,1759676
2024-10-28,3809.919921875,4090.85009765625,4134.0,4051.0,4068.949951171875,1532534
2024-10-29,3795.390869140625,4075.25,4103.5,4060.10009765625,4095.85009765625,1445885
2024-10-30,3804.145263671875,4084.64990234375,4107.0,4060.050048828125,4075.0,1935002
2024-10-31,3695.925048828125,3968.449951171875,4078.300048828125,3960.0,4070.0,3740372
2024-11-01,3710.593505859375,3984.199951171875,3998.949951171875,3976.050048828125,3989.85009765625,154895
2024-11-04,3691.920654296875,3964.14990234375,3991.89990234375,3913.25,3966.300048828125,2269192
2024-11-05,3698.6259765625,3971.35009765625,3986.0,3941.10009765625,3941.10009765625,967590
2024-11-06,3855.368408203125,4139.64990234375,4149.7998046875,3975.25,4003.60009765625,3792017
2024-11-07,3865.845458984375,4150.89990234375,4205.7998046875,4085.050048828125,4169.7001953125,3724349
2024-11-08,3862.213623046875,4147.0,4169.75,4117.64990234375,4155.0,1648039
2024-11-11,3910.36328125,4198.7001953125,4234.2998046875,4117.64990234375,4128.2001953125,1406487
2024-11-12,3909.15234375,4197.39990234375,4218.0,4164.35009765625,4216.0,1587640
2024-11-13,3865.333740234375,4150.35009765625,4196.75,4131.0498046875,4178.10009765625,1098813
2024-11-14,3861.18896484375,4145.89990234375,4160.0,4116.4501953125,4135.0,1825432
2024-11-18,3743.4697265625,4019.5,4213.0,3990.199951171875,4213.0,3313944
2024-11-19,3762.142822265625,4039.550048828125,4132.14990234375,4014.10009765625,4019.89990234375,1776233
2024-11-21,3793.15576171875,4072.85009765625,4092.449951171875,4024.0,4044.89990234375,2384347
2024-11-22,3953.111083984375,4244.60009765625,4254.9501953125,4054.0,4071.0,3096553
2024-11-25,4018.76953125,4315.10009765625,4328.10009765625,4252.2001953125,4280.0,4052167
2024-11-26,4053.7880859375,4352.7001953125,4366.60009765625,4310.0,4321.0498046875,2060669
2024-11-27,4035.02099609375,4332.5498046875,4377.39990234375,4324.0498046875,4358.9501953125,1558993
2024-11-28,3953.390625,4244.89990234375,4339.9501953125,4233.0,4319.0,2558544
2024-11-29,3977.558349609375,4270.85009765625,4298.7001953125,4195.64990234375,4220.0,2017425
2024-12-02,3982.9599609375,4276.64990234375,4288.2001953125,4230.0498046875,4270.0,1670944
2024-12-03,4007.267822265625,4302.75,4325.0,4265.4501953125,4314.35009765625,2010905
2024-12-04,4055.370849609375,4354.39990234375,4386.9501953125,4289.0498046875,4313.5498046875,3302642
2024-12-05,4157.49072265625,4464.0498046875,4489.0,4360.0,4400.7998046875,3746747
2024-12-06,4140.21484375,4445.5,4465.0,4412.75,4453.0,1842087
2024-12-09,4146.40771484375,4452.14990234375,4469.39990234375,4415.5498046875,4430.4501953125,2066639
2024-12-10,4128.15380859375,4432.5498046875,4493.7998046875,4412.10009765625,4426.14990234375,2087828
2024-12-11,4123.404296875,4427.4501953125,4448.64990234375,4407.0,4431.85009765625,1635256
2024-12-12,4149.01611328125,4454.9501953125,4485.0,4426.0,4430.0498046875,1914642
2024-12-13,4166.66455078125,4473.89990234375,4494.89990234375,4394.39990234375,4434.9501953125,1967048
2024-12-16,4111.99609375,4415.2001953125,4475.0,4397.0,4459.0,1646224
2024-12-17,4031.249267578125,4328.5,4432.9501953125,4318.0,4410.0,3225027
2024-12-18,4049.2705078125,4347.85009765625,4362.0,4289.60009765625,4311.7001953125,1575404
2024-12-19,3978.53662109375,4271.89990234375,4364.0,4262.0,4282.0,3015763
2024-12-20,3883.9130859375,4170.2998046875,4382.0,4152.5,4329.0,4116989
2024-12-23,3872.7373046875,4158.2998046875,4217.0,4114.89990234375,4200.0498046875,2195338
2024-12-24,3892.482177734375,4179.5,4218.0,4158.2998046875,4158.2998046875,1181886
2024-12-26,3882.796142578125,4169.10009765625,4199.9501953125,4143.14990234375,4179.5,1208464
2024-12-27,3878.837890625,4164.85009765625,4180.9501953125,4147.25,4163.0,858100
2024-12-30,3873.203125,4158.7998046875,4199.2998046875,4112.0,4151.0,1527169
2024-12-31,3813.598388671875,4094.800048828125,4139.9501953125,4032.050048828125,4135.0,1555429
2025-01-01,3830.03662109375,4112.4501953125,4134.0,4085.449951171875,4094.39990234375,763161
2025-01-02,3888.989013671875,4175.75,4183.0,4096.9501953125,4120.0,1720835
2025-01-03,3818.347900390625,4099.89990234375,4179.9501953125,4092.300048828125,4179.9501953125,1791953
2025-01-06,3813.784912109375,4095.0,4149.64990234375,4066.39990234375,4105.5,2085593
2025-01-07,3751.6650390625,4028.300048828125,4140.35009765625,4011.550048828125,4114.9501953125,2669054
2025-01-08,3826.264404296875,4108.39990234375,4126.0,4017.75,4034.89990234375,2181277
2025-01-09,3761.490478515625,4038.85009765625,4137.75,4025.300048828125,4101.0,2392472
2025-01-10,3972.715576171875,4265.64990234375,4297.0,4170.0,4200.0,7894300
2025-01-13,3996.418212890625,4291.10009765625,4322.9501953125,4227.39990234375,4245.0,4003771
2025-01-14,3942.354248046875,4233.0498046875,4313.89990234375,4219.0498046875,4302.0,3441709
2025-01-15,3957.76806640625,4249.60009765625,4256.4501953125,4207.4501953125,4218.0,1653474
2025-01-16,3917.44091796875,4206.2998046875,4294.0,4191.85009765625,4260.0,2637705
2025-01-17,3911.75,4124.2998046875,4160.60009765625,4100.0498046875,4159.89990234375,1761466
2025-01-20,3867.64697265625,4077.800048828125,4145.7998046875,4068.10009765625,4145.7998046875,1287799
2025-01-21,3827.85888671875,4035.85009765625,4111.0,4030.0,4095.300048828125,1971591
2025-01-22,3942.38623046875,4156.60009765625,4163.14990234375,4044.199951171875,4050.0,2409223
2025-01-23,3931.810791015625,4145.4501953125,4191.35009765625,4140.0498046875,4168.0,1822998
2025-01-24,3938.35498046875,4152.35009765625,4178.0,4104.0,4104.0,1910099
2025-01-27,3855.648681640625,4065.14990234375,4156.35009765625,4041.050048828125,4102.0,1551782
2025-01-28,3832.07958984375,4040.300048828125,4102.0,4028.300048828125,4070.800048828125,2468272
2025-01-29,3888.512939453125,4099.7998046875,4107.85009765625,4054.0,4054.0,1217089
2025-01-30,3888.75048828125,4100.0498046875,4129.89990234375,4058.5,4099.89990234375,1531251
2025-01-31,3900.464111328125,4112.39990234375,4128.4501953125,4085.25,4110.0,1492943
2025-02-01,3863.236328125,4073.14990234375,4135.89990234375,4056.0,4113.0,437172
2025-02-03,3858.96875,4068.64990234375,4077.0,3998.699951171875,4030.89990234375,1265713
2025-02-04,3895.38916015625,4107.0498046875,4118.85009765625,4066.050048828125,4083.699951171875,2547132
2025-02-05,3880.261474609375,4091.10009765625,4150.0,4076.0,4150.0,1693912
2025-02-06,3872.342041015625,4082.75,4139.5,4051.550048828125,4105.39990234375,2284536
2025-02-07,3821.7412109375,4029.39990234375,4090.0,4008.0,4090.0,1548940
2025-02-10,3828.902099609375,4036.949951171875,4052.0,4014.35009765625,4040.0,1339511
2025-02-11,3759.28466796875,3963.550048828125,4040.0,3955.0,4018.39990234375,1810908
2025-02-12,3746.575439453125,3950.14990234375,4021.75,3940.14990234375,3971.10009765625,1678002
2025-02-13,3708.636962890625,3910.14990234375,3984.449951171875,3902.25,3968.0,2277310
2025-02-14,3732.06396484375,3934.85009765625,3948.0,3900.0,3925.0,1681975
2025-02-17,3703.278076171875,3904.5,3934.0,3856.199951171875,3856.5,1799806
2025-02-18,3673.59130859375,3873.199951171875,3924.39990234375,3864.5,3898.39990234375,2149879
2025-02-19,3589.08349609375,3784.10009765625,3874.949951171875,3768.14990234375,3872.199951171875,4366672
2025-02-20,3584.625244140625,3779.39990234375,3788.0,3751.300048828125,3761.5,2888572
2025-02-21,3590.885498046875,3786.0,3817.0,3775.0,3776.10009765625,1833931
2025-02-24,3486.175048828125,3675.60009765625,3763.199951171875,3670.0,3743.14990234375,2508516
2025-02-25,3442.498046875,3629.550048828125,3658.0,3621.25,3625.0,4101954
2025-02-27,3426.373779296875,3612.550048828125,3638.0,3600.699951171875,3611.699951171875,3823856
2025-02-28,3303.737548828125,3483.25,3600.0,3457.0,3584.949951171875,7085018
2025-03-03,3313.03271484375,3493.050048828125,3523.25,3476.14990234375,3485.0,4990439
2025-03-04,3350.022705078125,3532.050048828125,3551.0,3464.300048828125,3474.0,2797737
2025-03-05,3364.24951171875,3547.050048828125,3600.35009765625,3520.85009765625,3520.85009765625,2501894
2025-03-06,3415.98828125,3601.60009765625,3609.449951171875,3536.10009765625,3557.0,2786513
2025-03-07,3425.093505859375,3611.199951171875,3625.0,3574.39990234375,3600.0,2051315
2025-03-10,3404.654296875,3589.64990234375,3622.10009765625,3582.60009765625,3606.5,1004626
2025-03-11,3391.043701171875,3575.300048828125,3588.75,3537.64990234375,3558.0,1995450
2025-03-12,3325.5048828125,3506.199951171875,3569.25,3486.85009765625,3565.0,3174167
2025-03-13,3330.104736328125,3511.050048828125,3524.300048828125,3484.10009765625,3502.300048828125,1693004
2025-03-17,3317.442626953125,3497.699951171875,3530.449951171875,3477.35009765625,3489.0,2690906
2025-03-18,3317.442626953125,3497.699951171875,3497.699951171875,3497.699951171875,3497.699951171875,0
2025-03-19,3316.8740234375,3497.10009765625,3547.0,3462.75,3547.0,3051244
2025-03-20,3379.52001953125,3563.14990234375,3578.949951171875,3512.0,3512.0,2845192
2025-03-21,3393.69970703125,3578.10009765625,3616.25,3465.0,3475.0,4161925
2025-03-24,3441.9287109375,3628.949951171875,3649.75,3566.60009765625,3600.0,1834751
2025-03-25,3469.24462890625,3657.75,3710.0,3638.0,3645.0,3135390
2025-03-26,3448.42578125,3635.800048828125,3680.5,3625.85009765625,3647.75,1734499
2025-03-27,3463.031982421875,3651.199951171875,3663.0,3610.5,3614.85009765625,2528474
2025-03-28,3420.3037109375,3606.14990234375,3660.949951171875,3591.89990234375,3651.0,2051919
2025-04-01,3367.80615234375,3550.800048828125,3584.0,3525.0,3572.699951171875,2618493
2025-04-02,3361.309326171875,3543.949951171875,3564.10009765625,3530.050048828125,3544.0,1764313
2025-04-03,3227.765380859375,3403.14990234375,3502.0,3396.14990234375,3491.0,4537821
2025-04-04,3129.362548828125,3299.39990234375,3399.64990234375,3295.5,3362.60009765625,5317367
2025-04-07,3105.31884765625,3274.050048828125,3291.39990234375,3056.050048828125,3100.0,6623955
2025-04-08,3123.244873046875,3292.949951171875,3349.0,3255.300048828125,3302.050048828125,5557558
2025-04-09,3079.283935546875,3246.60009765625,3270.0,3212.050048828125,3260.550048828125,2990265
2025-04-11,3064.9619140625,3231.5,3298.949951171875,3206.0,3289.550048828125,7108961
2025-04-15,3080.801025390625,3248.199951171875,3314.39990234375,3238.60009765625,3314.39990234375,3512160
2025-04-16,3105.081787109375,3273.800048828125,3278.10009765625,3229.0,3248.199951171875,2384391
2025-04-17,3128.888427734375,3298.89990234375,3303.60009765625,3218.0,3245.5,2932346
2025-04-21,3150.418701171875,3321.60009765625,3354.0,3284.10009765625,3290.10009765625,2432946
2025-04-22,3143.58935546875,3314.39990234375,3333.89990234375,3295.0,3322.60009765625,2710498
2025-04-23,3237.108154296875,3413.0,3420.89990234375,3337.300048828125,3365.0,3543923
2025-04-24,3226.2958984375,3401.60009765625,3412.5,3387.699951171875,3401.10009765625,2252175
2025-04-25,3270.30419921875,3448.0,3477.800048828125,3405.0,3420.0,2742991
2025-04-28,3266.0361328125,3443.5,3457.800048828125,3405.0,3435.0,1593296
2025-04-29,3293.541259765625,3472.5,3495.0,3430.39990234375,3455.0,1578332
2025-04-30,3275.710693359375,3453.699951171875,3509.89990234375,3366.0,3472.0,2809332
2025-05-02,3254.180419921875,3431.0,3491.5,3420.0,3472.0,1721761
2025-05-05,3276.27978515625,3454.300048828125,3504.5,3446.39990234375,3450.0,1284443
2025-05-06,3281.68603515625,3460.0,3473.0,3437.0,3460.0,1324763
2025-05-07,3267.5537109375,3445.10009765625,3459.5,3420.60009765625,3420.60009765625,1477128
2025-05-08,3271.15771484375,3448.89990234375,3477.0,3428.699951171875,3448.0,2543591
2025-05-09,3263.001220703125,3440.300048828125,3446.199951171875,3398.10009765625,3399.0,2531757
2025-05-12,3433.8193359375,3620.39990234375,3630.5,3502.199951171875,3505.0,2228678
2025-05-13,3333.8515625,3515.0,3623.0,3510.5,3620.39990234375,3062887
2025-05-14,3365.814453125,3548.699951171875,3561.0,3508.60009765625,3521.0,2119499
2025-05-15,3395.406494140625,3579.89990234375,3600.0,3514.10009765625,3564.0,3548330
2025-05-16,3377.765380859375,3561.300048828125,3593.89990234375,3546.10009765625,3593.89990234375,1666727
2025-05-19,3337.455810546875,3518.800048828125,3550.0,3503.699951171875,3550.0,2537377
2025-05-20,3318.012451171875,3498.300048828125,3558.0,3494.0,3531.800048828125,2038374
2025-05-21,3344.094970703125,3525.800048828125,3537.0,3498.300048828125,3508.0,1440153
2025-05-22,3297.809814453125,3477.0,3497.800048828125,3451.300048828125,3495.0,2034383
2025-05-23,3333.471923828125,3514.60009765625,3535.0,3465.60009765625,3477.0,1274331
2025-05-26,3355.00244140625,3537.300048828125,3545.0,3510.10009765625,3521.0,967470
2025-05-27,3318.391357421875,3498.699951171875,3540.0,3483.10009765625,3532.0,2467680
2025-05-28,3317.442626953125,3497.699951171875,3529.0,3493.0,3520.0,1222933
2025-05-29,3317.822509765625,3498.10009765625,3532.5,3486.5,3504.699951171875,3188072
2025-05-30,3284.91064453125,3463.39990234375,3506.699951171875,3453.10009765625,3490.0,3404365
2025-06-02,3272.011474609375,3449.800048828125,3460.0,3418.60009765625,3450.0,1877585
2025-06-03,3229.7099609375,3405.199951171875,3473.5,3400.5,3446.0,2848125
2025-06-04,3235.164306640625,3380.89990234375,3394.800048828125,3370.0,3389.0,2544807
2025-06-05,3225.786865234375,3371.10009765625,3409.0,3363.699951171875,3409.0,3584683
2025-06-06,3238.322021484375,3384.199951171875,3390.89990234375,3358.699951171875,3371.10009765625,2070390
2025-06-09,3274.396484375,3421.89990234375,3434.0,3390.89990234375,3400.0,1718678
2025-06-10,3313.629638671875,3462.89990234375,3485.800048828125,3423.199951171875,3440.0,2419874
2025-06-11,3322.24169921875,3471.89990234375,3489.0,3449.10009765625,3470.0,2847013
2025-06-12,3286.166748046875,3434.199951171875,3474.699951171875,3423.199951171875,3471.89990234375,4060134
2025-06-13,3297.1708984375,3445.699951171875,3450.5,3393.199951171875,3393.199951171875,2178493
2025-06-16,3345.58984375,3496.300048828125,3509.0,3426.199951171875,3440.0,1934088
2025-06-17,3363.770751953125,3515.300048828125,3520.0,3488.10009765625,3510.0,2111940
2025-06-18,3302.62548828125,3451.39990234375,3538.0,3443.10009765625,3519.10009765625,2696327
2025-06-19,3276.406494140625,3424.0,3451.0,3413.0,3450.0,2672768
2025-06-20,3287.60205078125,3435.699951171875,3446.300048828125,3410.89990234375,3425.0,2351248
2025-06-23,3247.317138671875,3393.60009765625,3425.0,3370.0,3415.0,3123421
2025-06-24,3244.254638671875,3390.39990234375,3442.10009765625,3382.0,3434.60009765625,3403048
2025-06-25,3296.31005859375,3444.800048828125,3450.0,3400.0,3407.300048828125,1757699
2025-06-26,3293.439208984375,3441.800048828125,3451.39990234375,3415.300048828125,3444.800048828125,2879106
2025-06-27,3292.76953125,3441.10009765625,3466.39990234375,3431.0,3455.0,1778433
2025-06-30,3312.7685546875,3462.0,3464.89990234375,3430.0,3439.89990234375,1468351
2025-07-01,3281.860595703125,3429.699951171875,3485.0,3413.5,3455.0,2375183
2025-07-02,3275.736572265625,3423.300048828125,3489.89990234375,3420.0,3487.199951171875,3090585
2025-07-03,3254.20654296875,3400.800048828125,3435.300048828125,3397.60009765625,3430.0,2531870
2025-07-04,3272.387451171875,3419.800048828125,3427.0,3390.10009765625,3408.0,1109320
2025-07-07,3264.636474609375,3411.699951171875,3426.10009765625,3408.39990234375,3418.300048828125,1639174
2025-07-08,3259.37353515625,3406.199951171875,3425.0,3393.39990234375,3405.0,2325242
2025-07-09,3237.939208984375,3383.800048828125,3414.0,3367.0,3410.0,2034938
2025-07-10,3236.216796875,3382.0,3399.0,3356.0,3380.0,3035012
2025-07-11,3125.217041015625,3266.0,3335.0,3261.10009765625,3299.89990234375,7635550
2025-07-14,3083.78369140625,3222.699951171875,3272.0,3200.0,3266.0,3924009
2025-07-15,3112.10791015625,3252.300048828125,3259.39990234375,3206.0,3206.0,2590889
2025-07-16,3104.234130859375,3233.10009765625,3244.89990234375,3220.60009765625,3227.0,2540733
2025-07-17,3081.287109375,3209.199951171875,3242.0,3204.10009765625,3224.10009765625,2947640
2025-07-18,3062.756103515625,3189.89990234375,3228.800048828125,3187.0,3225.0,3432645
2025-07-21,3032.319580078125,3158.199951171875,3197.60009765625,3152.0,3190.0,3844346
2025-07-22,3033.6640625,3159.60009765625,3180.10009765625,3154.60009765625,3159.60009765625,3198036
2025-07-23,3052.386962890625,3179.10009765625,3182.0,3157.60009765625,3159.60009765625,1922875
2025-07-24,3022.5263671875,3148.0,3173.699951171875,3140.0,3165.10009765625,2934778
2025-07-25,3010.812744140625,3135.800048828125,3156.89990234375,3125.60009765625,3140.0,2568917
2025-07-28,2956.564697265625,3079.300048828125,3118.0,3069.89990234375,3110.0,3374473
2025-07-29,2934.193115234375,3056.0,3074.0,3041.199951171875,3060.0,4785312
2025-07-30,2931.88916015625,3053.60009765625,3069.0,3047.199951171875,3060.0,2880121
2025-07-31,2915.7587890625,3036.800048828125,3059.800048828125,3015.0,3041.699951171875,2968371
2025-08-01,2883.3056640625,3003.0,3036.800048828125,3000.0,3029.89990234375,2053847
2025-08-04,2951.859619140625,3074.39990234375,3079.39990234375,2991.60009765625,3009.10009765625,2519252
2025-08-05,2941.7783203125,3063.89990234375,3077.5,3042.0,3074.39990234375,1927996
2025-08-06,2911.43798828125,3032.300048828125,3066.800048828125,3026.0,3063.0,1487081
2025-08-07,2925.552001953125,3047.0,3051.60009765625,3010.89990234375,3016.0,2543076
2025-08-08,2915.37451171875,3036.39990234375,3059.800048828125,3025.0,3048.10009765625,2762140
2025-08-11,2919.599365234375,3040.800048828125,3049.89990234375,3021.300048828125,3036.39990234375,1884215
2025-08-12,2914.414306640625,3035.39990234375,3096.39990234375,3026.89990234375,3041.0,3358232
2025-08-13,2915.182373046875,3036.199951171875,3044.39990234375,3028.60009765625,3036.10009765625,2148166
2025-08-14,2901.83642578125,3022.300048828125,3055.89990234375,3019.10009765625,3034.0,3342174
2025-08-18,2891.178955078125,3011.199951171875,3049.0,3003.39990234375,3046.5,2945609
2025-08-19,2895.979736328125,3016.199951171875,3025.0,3011.10009765625,3011.199951171875,2650784
2025-08-20,2975.095458984375,3098.60009765625,3103.39990234375,3010.89990234375,3010.89990234375,4952358
2025-08-21,2978.93603515625,3102.60009765625,3130.0,3083.10009765625,3130.0,3230726
2025-08-22,2932.27294921875,3054.0,3095.699951171875,3050.0,3086.0,1593791
2025-08-25,3015.42138671875,3140.60009765625,3152.0,3077.10009765625,3087.300048828125,3448370
2025-08-26,3031.35986328125,3157.199951171875,3162.0,3120.0,3129.0,5522097
2025-08-28,2970.390380859375,3093.699951171875,3146.5,3086.5,3145.0,3116051
2025-08-29,2961.749267578125,3084.699951171875,3115.0,3077.199951171875,3093.0,2271789
2025-09-01,2988.53759765625,3112.60009765625,3131.10009765625,3090.0,3090.0,1246862
2025-09-02,2987.481201171875,3111.5,3155.0,3103.10009765625,3121.10009765625,2185229
2025-09-03,2974.0390625,3097.5,3141.89990234375,3088.0,3129.89990234375,1799774
2025-09-04,2972.310791015625,3095.699951171875,3118.0,3090.800048828125,3116.0,1481391
2025-09-05,2926.800048828125,3048.300048828125,3103.39990234375,3028.60009765625,3097.10009765625,2802055
2025-09-08,2898.668212890625,3019.0,3064.89990234375,3016.0,3050.0,2626187
2025-09-09,2927.8564453125,3049.39990234375,3060.0,3030.800048828125,3032.10009765625,2489301
2025-09-10,2986.041015625,3110.0,3122.699951171875,3053.39990234375,3056.39990234375,2079428
2025-09-11,2999.675048828125,3124.199951171875,3139.0,3110.10009765625,3139.0,2263446
2025-09-12,3008.50830078125,3133.39990234375,3148.699951171875,3121.0,3144.0,1447167
2025-09-15,2987.865234375,3111.89990234375,3134.0,3096.0,3134.0,1732539
2025-09-16,3020.31787109375,3145.699951171875,3150.0,3109.10009765625,3128.0,2573429
2025-09-17,3046.337890625,3172.800048828125,3182.39990234375,3142.39990234375,3152.0,2418271
2025-09-18,3050.082275390625,3176.699951171875,3203.0,3161.39990234375,3185.0,2633138
2025-09-19,3042.88134765625,3169.199951171875,3180.5,3144.0,3170.0,4901694
2025-09-22,2951.2841796875,3073.800048828125,3106.89990234375,3065.0,3095.0,3634901
2025-09-23,2940.338134765625,3062.39990234375,3080.699951171875,3052.0,3070.0,3177741
2025-09-24,2914.414306640625,3035.39990234375,3057.0,3033.0,3050.0,1625714
2025-09-25,2839.523193359375,2957.39990234375,3029.60009765625,2951.0,3022.0,4974361
2025-09-26,2783.547119140625,2899.10009765625,2954.800048828125,2891.300048828125,2941.0,3934636
2025-09-29,2780.666748046875,2896.10009765625,2929.300048828125,2894.0,2916.0,3110035
2025-09-30,2773.2734375,2888.39990234375,2915.300048828125,2885.10009765625,2911.0,2253458
2025-10-01,2798.045166015625,2914.199951171875,2924.800048828125,2866.60009765625,2891.0,1952902
2025-10-03,2786.235107421875,2901.89990234375,2924.0,2891.10009765625,2924.0,2899519
2025-10-06,2869.28759765625,2988.39990234375,2993.60009765625,2895.60009765625,2902.0,2112774
2025-10-07,2855.17333984375,2973.699951171875,3004.5,2955.5,2995.0,3062943
2025-10-08,2906.541259765625,3027.199951171875,3043.0,2968.0,2975.0,4121889
2025-10-09,2939.666015625,3061.699951171875,3066.0,3020.0,3034.0,3211304
2025-10-10,2907.597412109375,3028.300048828125,3070.0,3006.89990234375,3050.0,8817365
2025-10-13,2887.33837890625,3007.199951171875,3035.5,2998.199951171875,3027.0,2866865
2025-10-14,2842.307861328125,2960.300048828125,3027.199951171875,2955.5,3021.0,3611416
2025-10-15,2862.06396484375,2969.800048828125,2979.699951171875,2951.0,2971.0,4282226
2025-10-16,2862.93115234375,2970.699951171875,2975.0,2943.10009765625,2969.89990234375,3251495
2025-10-17,2854.73974609375,2962.199951171875,2988.800048828125,2955.39990234375,2970.0,4374683
2025-10-20,2905.81689453125,3015.199951171875,3023.0,2978.5,2985.5,3133039
2025-10-21,2897.625244140625,3006.699951171875,3031.800048828125,2996.0,3031.10009765625,310644
2025-10-23,2961.712890625,3073.199951171875,3098.0,3036.10009765625,3055.0,5564758
2025-10-24,2952.07568359375,3063.199951171875,3090.0,3058.300048828125,3080.0,2684318
2025-10-27,2972.98828125,3084.89990234375,3094.199951171875,3060.199951171875,3066.5,1946312
2025-10-28,2946.968017578125,3057.89990234375,3090.199951171875,3040.199951171875,3076.0,3470737
2025-10-29,2946.678955078125,3057.60009765625,3076.0,3046.10009765625,3057.89990234375,2895420
2025-10-30,2925.187744140625,3035.300048828125,3063.800048828125,3032.800048828125,3049.10009765625,2241536
2025-10-31,2947.064208984375,3058.0,3067.39990234375,3025.10009765625,3035.0,1868085
2025-11-03,2907.35888671875,3016.800048828125,3058.0,3010.0,3046.89990234375,2194877
2025-11-04,2881.723876953125,2990.199951171875,3029.300048828125,2976.0,3019.60009765625,2670720
2025-11-06,2901.6728515625,3010.89990234375,3024.0,2990.0,2990.10009765625,2542721
2025-11-07,2883.265869140625,2991.800048828125,3004.0,2960.5,3001.0,1830520
2025-11-10,2915.4541015625,3025.199951171875,3047.89990234375,2992.0,2993.0,1556656
2025-11-11,2936.46337890625,3047.0,3055.699951171875,3018.0,3045.0,2806868
2025-11-12,3018.18701171875,3131.800048828125,3136.39990234375,3057.10009765625,3060.0,4460315
2025-11-13,2993.03369140625,3105.699951171875,3131.89990234375,3102.0,3131.800048828125,1740435
2025-11-14,2993.322998046875,3106.0,3113.10009765625,3077.300048828125,3090.0,2210794
2025-11-17,2989.660888671875,3102.199951171875,3123.5,3086.60009765625,3106.0,2232853
2025-11-18,2975.108642578125,3087.10009765625,3105.0,3078.0,3102.0,2548350
2025-11-19,3033.51025390625,3147.699951171875,3155.0,3083.5,3097.0,3151053
2025-11-20,3030.715576171875,3144.800048828125,3164.5,3138.10009765625,3148.0,2700767
2025-11-21,3036.30517578125,3150.60009765625,3170.0,3135.199951171875,3144.800048828125,4177037
2025-11-24,3027.245849609375,3141.199951171875,3178.89990234375,3131.0,3158.0,6703764
2025-11-25,3006.04443359375,3119.199951171875,3149.800048828125,3115.0,3145.300048828125,2737920
2025-11-26,3048.15869140625,3162.89990234375,3178.0,3117.0,3118.800048828125,2508527
2025-11-27,3022.81298828125,3136.60009765625,3180.0,3125.0,3180.0,2836233
2025-11-28,3023.680419921875,3137.5,3147.300048828125,3125.0,3140.0,1616690
2025-12-01,3019.72900390625,3133.39990234375,3154.0,3122.199951171875,3137.89990234375,1747647
2025-12-02,3021.94580078125,3135.699951171875,3144.0,3120.39990234375,3131.0,2512003
2025-12-03,3064.63818359375,3180.0,3211.89990234375,3139.0,3140.0,3952112
2025-12-04,3112.0537109375,3229.199951171875,3250.0,3187.39990234375,3194.0,5025905
2025-12-05,3120.72705078125,3238.199951171875,3271.60009765625,3222.39990234375,3230.0,5244013
2025-12-08,3119.0888671875,3236.5,3259.89990234375,3208.60009765625,3243.0,2544725
2025-12-09,3091.911865234375,3208.300048828125,3233.699951171875,3181.199951171875,3230.0,2734893
2025-12-10,3073.504638671875,3189.199951171875,3225.0,3178.10009765625,3225.0,1386849
2025-12-11,3076.10693359375,3191.89990234375,3208.39990234375,3153.10009765625,3205.0,1914362
2025-12-12,3103.66943359375,3220.5,3223.0,3185.699951171875,3197.699951171875,1146554
2025-12-15,3113.017333984375,3230.199951171875,3238.199951171875,3197.300048828125,3211.10009765625,1562190
2025-12-16,3088.828125,3205.10009765625,3220.0,3191.10009765625,3220.0,1734623
2025-12-17,3101.067138671875,3217.800048828125,3236.89990234375,3200.5,3200.5,1376350
2025-12-18,3161.78173828125,3280.800048828125,3287.800048828125,3221.0,3228.0,2307422
2025-12-19,3162.938232421875,3282.0,3317.89990234375,3278.800048828125,3299.0,3902511
2025-12-22,3204.281982421875,3324.89990234375,3328.60009765625,3291.0,3310.0,2632816
2025-12-23,3189.92236328125,3310.0,3319.89990234375,3293.5,3319.89990234375,2365420
2025-12-24,3198.59619140625,3319.0,3327.10009765625,3296.10009765625,3304.10009765625,1367708
2025-12-26,3161.0107421875,3280.0,3320.0,3271.800048828125,3313.10009765625,1176664
2025-12-29,3133.544677734375,3251.5,3288.0,3242.89990234375,3280.0,2079473
2025-12-30,3129.01513671875,3246.800048828125,3267.5,3239.5,3250.0,2807593
2025-12-31,3089.887939453125,3206.199951171875,3246.0,3198.5,3240.0,3362634
2026-01-01,3110.31884765625,3227.39990234375,3234.10009765625,3198.199951171875,3215.0,1255735
2026-01-02,3132.7734375,3250.699951171875,3254.300048828125,3219.5,3234.0,1184324
2026-01-05,3099.428955078125,3216.10009765625,3247.0,3191.0,3240.5,2341703
2026-01-06,3137.6884765625,3255.800048828125,3263.199951171875,3205.0,3210.0,2912325
2026-01-07,3176.044921875,3295.60009765625,3300.60009765625,3223.199951171875,3242.89990234375,1989442
2026-01-08,3087.67138671875,3203.89990234375,3286.89990234375,3182.0,3286.89990234375,4159336
2026-01-09,3091.43017578125,3207.800048828125,3229.699951171875,3191.0,3191.0,1938673
2026-01-12,3122.076416015625,3239.60009765625,3252.0,3174.300048828125,3203.0,2228342
2026-01-13,3149.446044921875,3268.0,3280.0,3210.5,3245.0,5645341
2026-01-14,3076.684814453125,3192.5,3260.0,3183.0,3260.0,3539511
2026-01-15,3076.684814453125,3192.5,3192.5,3192.5,3192.5,0
2026-01-16,3146.54931640625,3206.699951171875,3221.89990234375,3171.0,3219.39990234375,4293470
2026-01-19,3104.258056640625,3163.60009765625,3220.0,3152.10009765625,3188.0,3387562
2026-01-20,3044.10791015625,3102.300048828125,3160.0,3091.10009765625,3151.60009765625,4499273
2026-01-21,3064.027099609375,3122.60009765625,3138.5,3082.0,3100.0,2015150
2026-01-22,3091.305419921875,3150.39990234375,3160.0,3122.300048828125,3150.0,2269827
2026-01-23,3103.178466796875,3162.5,3194.5,3152.0,3190.300048828125,2068857
2026-01-27,3098.762939453125,3158.0,3175.0,3130.0,3175.0,4279874
2026-01-28,3140.073486328125,3200.10009765625,3205.199951171875,3170.60009765625,3176.0,2751234
2026-01-29,3085.41796875,3144.39990234375,3200.10009765625,3125.60009765625,3200.10009765625,2457641
2026-01-30,3065.302734375,3123.89990234375,3141.0,3092.0,3141.0,3022068
2026-02-02,3110.1455078125,3169.60009765625,3198.0,3134.0,3198.0,2636272
2026-02-03,3164.80078125,3225.300048828125,3350.0,3186.300048828125,3350.0,4366060
2026-02-04,2942.84375,2999.10009765625,3120.0,2986.0,3120.0,10852595
2026-02-05,2935.38623046875,2991.5,3029.699951171875,2972.300048828125,2990.0,3521545
2026-02-06,2886.422119140625,2941.60009765625,2985.0,2916.0,2976.60009765625,4687389
2026-02-09,2892.8984375,2948.199951171875,2977.0,2937.5,2959.10009765625,2380318
2026-02-10,2928.61572265625,2984.60009765625,3011.60009765625,2943.5,2949.800048828125,3547763
2026-02-11,2855.21875,2909.800048828125,2998.0,2904.199951171875,2980.0,3363513
2026-02-12,2698.514404296875,2750.10009765625,2880.0,2740.0,2869.800048828125,10612156
2026-02-13,2641.700439453125,2692.199951171875,2713.0,2585.0,2585.0,11168735
2026-02-16,2655.830322265625,2706.60009765625,2719.800048828125,2671.0,2700.0,2918730
2026-02-17,2666.427490234375,2717.39990234375,2760.0,2695.199951171875,2716.0,4209118
2026-02-18,2644.349609375,2694.89990234375,2730.0,2657.300048828125,2730.0,2950820
2026-02-19,2627.66845703125,2677.89990234375,2748.699951171875,2666.60009765625,2708.0,3238849
2026-02-20,2635.81298828125,2686.199951171875,2702.60009765625,2647.5,2667.0,2293482
2026-02-23,2626.0986328125,2676.300048828125,2704.0,2660.199951171875,2686.0,4699596
2026-02-24,2525.423095703125,2573.699951171875,2647.5,2561.300048828125,2641.0,7798833
2026-02-25,2579.980224609375,2629.300048828125,2654.199951171875,2595.0,2596.0,3621285
2026-02-26,2598.03515625,2647.699951171875,2671.0,2635.0,2650.0,3464267
2026-02-27,2587.92822265625,2637.39990234375,2688.60009765625,2626.10009765625,2681.60009765625,5083717
2026-03-02,2564.4765625,2613.5,2623.800048828125,2580.300048828125,2592.0,3374385
2026-03-04,2539.2587890625,2587.800048828125,2635.0,2580.39990234375,2625.0,3446434
2026-03-05,2530.427490234375,2578.800048828125,2609.5,2546.39990234375,2600.0,2960636
2026-03-06,2509.625244140625,2557.60009765625,2619.199951171875,2553.60009765625,2572.0,3998643
2026-03-09,2479.99169921875,2527.39990234375,2560.0,2505.0,2530.0,3653428
2026-03-10,2465.9599609375,2513.10009765625,2545.199951171875,2490.10009765625,2541.0,4323710
2026-03-11,2418.6640625,2464.89990234375,2521.0,2460.10009765625,2508.10009765625,2720664
2026-03-12,2396.5859375,2442.39990234375,2472.89990234375,2436.0,2459.800048828125,2752075
2026-03-13,2365.284423828125,2410.5,2445.89990234375,2397.0,2437.0,2466488
2026-03-16,2364.0087890625,2409.199951171875,2425.0,2366.10009765625,2410.0,3807907
2026-03-17,2346.837158203125,2391.699951171875,2420.0,2360.0,2420.0,2993367
2026-03-18,2395.01611328125,2440.800048828125,2482.89990234375,2410.0,2410.0,3082388
2026-03-19,2311.806640625,2356.0,2424.0,2350.199951171875,2417.0,2757060
2026-03-20,2345.7578125,2390.60009765625,2407.800048828125,2364.199951171875,2386.0,4206320
2026-03-23,2339.085205078125,2383.800048828125,2406.800048828125,2348.0,2365.0,3860515
2026-03-24,2353.803955078125,2398.800048828125,2435.39990234375,2379.10009765625,2404.10009765625,3420182
2026-03-25,2332.80517578125,2377.39990234375,2421.60009765625,2369.800048828125,2400.89990234375,5843778
2026-03-27,2344.97265625,2389.800048828125,2422.10009765625,2385.0,2403.89990234375,4979411
2026-03-30,2314.652099609375,2358.89990234375,2398.0,2346.199951171875,2375.10009765625,6804756
2026-04-01,2363.02734375,2408.199951171875,2472.0,2397.89990234375,2429.0,4132661
2026-04-02,2404.730224609375,2450.699951171875,2469.89990234375,2375.699951171875,2386.0,5378361
2026-04-06,2427.4951171875,2473.89990234375,2482.0,2448.199951171875,2474.0,2572417
2026-04-07,2492.1591796875,2539.800048828125,2543.89990234375,2448.0,2461.0,4516550
2026-04-08,2511.195068359375,2559.199951171875,2580.300048828125,2540.10009765625,2572.0,4769337
2026-04-09,2540.436279296875,2589.0,2605.0,2531.10009765625,2554.0,5628261
2026-04-10,2476.94970703125,2524.300048828125,2565.800048828125,2501.10009765625,2565.800048828125,10480239
2026-04-13,2426.2197265625,2472.60009765625,2504.89990234375,2470.0,2489.89990234375,3739587
2026-04-15,2506.975830078125,2554.89990234375,2559.0,2493.39990234375,2501.89990234375,5261384
2026-04-16,2528.56298828125,2576.89990234375,2594.0,2558.0,2572.0,3905403
2026-04-17,2533.07666015625,2581.5,2589.0,2555.89990234375,2570.0,2718206
2026-04-20,2531.212646484375,2579.60009765625,2594.0,2561.199951171875,2587.10009765625,2288558
2026-04-21,2561.532958984375,2610.5,2614.0,2560.0,2560.0,2719959
2026-04-22,2490.883544921875,2538.5,2580.0,2503.60009765625,2580.0,5232045
2026-04-23,2474.496826171875,2521.800048828125,2559.5,2516.300048828125,2529.0,2509050
2026-04-24,2351.939453125,2396.89990234375,2505.0,2388.800048828125,2488.0,5107719
2026-04-27,2401.6884765625,2447.60009765625,2459.0,2396.89990234375,2396.89990234375,5853425
2026-04-28,2398.8427734375,2444.699951171875,2487.0,2427.39990234375,2444.0,4508363
2026-04-29,2428.280029296875,2474.699951171875,2487.89990234375,2447.60009765625,2451.0,2835961
2026-04-30,2427.4951171875,2473.89990234375,2491.0,2438.0,2479.0,3970446
2026-05-01,2427.4951171875,2473.89990234375,2473.89990234375,2473.89990234375,2473.89990234375,0
2026-05-04,2385.6943359375,2431.300048828125,2498.300048828125,2425.0,2494.0,2632358
2026-05-05,2381.76953125,2427.300048828125,2460.39990234375,2412.199951171875,2430.0,3385720
2026-05-06,2389.71728515625,2435.39990234375,2471.0,2406.5,2441.89990234375,3147628
2026-05-07,2356.35498046875,2401.39990234375,2439.699951171875,2398.0,2438.199951171875,5829594
2026-05-08,2349.486083984375,2394.39990234375,2407.0,2375.10009765625,2398.0,3792199
2026-05-11,2348.014404296875,2392.89990234375,2415.0,2371.0,2371.0,1975188
2026-05-12,2257.151611328125,2300.300048828125,2375.0,2283.0,2375.0,6347884
2026-05-13,2230.167236328125,2272.800048828125,2309.199951171875,2269.0,2306.0,3171843
2026-05-14,2203.8701171875,2246.0,2265.0,2206.39990234375,2265.0,5633313
2026-05-15,2221.532470703125,2264.0,2304.89990234375,2252.0,2252.0,3410637
2026-05-18,2240.3720703125,2283.199951171875,2292.89990234375,2252.199951171875,2264.0,3773336
2026-05-19,2283.448974609375,2327.10009765625,2377.60009765625,2297.10009765625,2300.0,10394707
2026-05-20,2283.7431640625,2327.39990234375,2342.0,2317.800048828125,2323.89990234375,2537422
2026-05-21,2283.546875,2327.199951171875,2335.89990234375,2314.0,2331.0,3299087
2026-05-22,2273.83251953125,2317.300048828125,2340.0,2308.10009765625,2331.10009765625,2617262
2026-05-25,2295.61328125,2308.199951171875,2326.10009765625,2293.0,2325.0,3298364
2026-05-26,2263.78759765625,2276.199951171875,2327.89990234375,2272.39990234375,2308.199951171875,3587597
2026-05-27,2271.744140625,2284.199951171875,2295.60009765625,2260.89990234375,2275.0,2653950
2026-05-28,2271.744140625,2284.199951171875,2284.199951171875,2284.199951171875,2284.199951171875,0
2026-05-29,2246.58203125,2258.89990234375,2334.0,2235.0,2291.0,16331582
2026-06-01,2284.8720703125,2297.39990234375,2335.0,2280.0,2284.0,7505095
2026-06-02,2433.556884765625,2446.89990234375,2457.39990234375,2316.199951171875,2320.0,11306127
2026-06-03,2229.475830078125,2241.699951171875,2393.0,2224.800048828125,2393.0,15660062
2026-06-04,2228.77978515625,2241.0,2253.10009765625,2216.60009765625,2241.699951171875,4867263
2026-06-05,2186.9091796875,2198.89990234375,2271.800048828125,2192.0,2262.89990234375,5019717
2026-06-08,2139.668212890625,2151.39990234375,2177.0,2143.300048828125,2170.0,6536734
2026-06-09,2139.2705078125,2151.0,2174.0,2132.800048828125,2174.0,4148655
2026-06-10,2142.154541015625,2153.89990234375,2180.800048828125,2144.800048828125,2151.300048828125,2848650
2026-06-11,2123.95458984375,2135.60009765625,2154.60009765625,2110.0,2127.0,3079815
2026-06-12,2149.61376953125,2161.39990234375,2168.0,2138.0,2150.0,2124656
2026-06-15,2150.21044921875,2162.0,2192.0,2159.300048828125,2192.0,3337083
2026-06-16,2187.0087890625,2199.0,2209.0,2160.60009765625,2167.0,3079898
2026-06-17,2210.8779296875,2223.0,2231.0,2200.699951171875,2209.0,2865010
2026-06-18,2191.285400390625,2203.300048828125,2214.0,2182.0,2209.0,3735188
2026-06-19,2113.412353515625,2125.0,2138.0,2059.89990234375,2105.0,13286502
2026-06-22,2116.197021484375,2127.800048828125,2157.0,2121.0,2132.199951171875,4566101
2026-06-23,2048.368896484375,2059.60009765625,2114.0,2055.0,2111.0,6392736
2026-06-24,2097.49951171875,2109.0,2120.699951171875,2061.0,2061.0,4747277
2026-06-25,2083.27734375,2094.699951171875,2148.5,2088.0,2133.60009765625,4738903
2026-06-26,2083.27734375,2094.699951171875,2094.699951171875,2094.699951171875,2094.699951171875,0
2026-06-29,2086.4599609375,2097.89990234375,2105.0,2071.0,2090.0,3412470
2026-06-30,2020.422119140625,2031.5,2104.300048828125,2018.800048828125,2090.0,6848411
2026-07-01,1971.788818359375,1982.5999755859375,2052.0,1976.800048828125,2039.9000244140625,4658295
2026-07-02,2056.82275390625,2068.10009765625,2076.89990234375,2002.5,2008.0,6040621
2026-07-03,2082.083984375,2093.5,2116.60009765625,2085.0,2100.0,4028819
2026-07-06,2046.3798828125,2057.60009765625,2093.0,2050.60009765625,2090.0,2567386
2026-07-07,2084.669921875,2096.10009765625,2122.699951171875,2049.0,2050.0,4769048
2026-07-08,2046.2803955078125,2057.5,2109.699951171875,2048.800048828125,2094.0,3666985
2026-07-09,2038.323974609375,2049.5,2065.0,2016.0,2057.5,3791498
2026-07-10,2057.717529296875,2069.0,2133.300048828125,2064.60009765625,2105.199951171875,6714551
2026-07-13,2169.604248046875,2181.5,2204.89990234375,2065.10009765625,2075.0,12382622
2026-07-14,2188.60009765625,2200.60009765625,2228.0,2179.0,2182.89990234375,9546290
2026-07-15,2189.199951171875,2189.199951171875,2202.89990234375,2145.39990234375,2174.10009765625,5426489
2026-07-16,2201.0,2201.0,2231.39990234375,2187.800048828125,2206.0,5197595
2026-07-17,2269.0,2269.0,2275.0,2215.10009765625,2224.800048828125,5615138
2026-07-20,2251.10009765625,2251.10009765625,2283.39990234375,2245.10009765625,2280.10009765625,2202693
2026-07-21,2221.10009765625,2221.10009765625,2259.89990234375,2218.5,2245.10009765625,2382160
2026-07-22,2208.300048828125,2208.300048828125,2226.800048828125,2201.0,2216.0,1599665
2026-07-23,2242.89990234375,2242.89990234375,2250.0,2193.60009765625,2204.0,2503539
2026-07-24,2254.300048828125,2254.300048828125,2264.300048828125,2205.10009765625,2205.10009765625,3211699
2026-07-27,2295.60009765625,2295.60009765625,2315.0,2272.39990234375,2286.0,4007292
2026-07-28,2398.0,2398.0,2417.39990234375,2323.0,2325.0,8248513
2026-07-29,2446.60009765625,2446.60009765625,2475.5,2415.10009765625,2440.0,7169419
2026-07-30,2431.800048828125,2431.800048828125,2495.0,2423.0,2440.0,4901582
2026-07-31,2365.60009765625,2365.60009765625,2391.0,2326.10009765625,2385.0,4343683
2026-08-03,2473.699951171875,2473.699951171875,2473.699951171875,2383.0,2383.89990234375,3036839
2026-08-04,2460.0,2460.0,2467.39990234375,2435.10009765625,2463.10009765625,2792792
2026-08-05,2413.0,2413.0,2460.89990234375,2408.0,2460.0,3014409
2026-08-06,2373.0,2373.0,2434.5,2368.5,2417.0,2729141
2026-08-07,2452.699951171875,2452.699951171875,2457.699951171875,2375.0,2375.0,4547979
2026-08-10,2425.699951171875,2425.699951171875,2472.89990234375,2423.5,2452.699951171875,2322023
2026-08-11,2445.699951171875,2445.699951171875,2456.60009765625,2428.0,2438.0,1514105
2026-08-12,2349.699951171875,2349.699951171875,2445.800048828125,2300.10009765625,2445.699951171875,7022647
2026-08-13,2375.0,2375.0,2375.0,2332.300048828125,2349.699951171875,2123494
2026-08-14,2361.0,2361.0,2390.0,2333.39990234375,2375.10009765625,2232160
2026-08-17,2313.199951171875,2313.199951171875,2361.10009765625,2310.60009765625,2351.0,2237636
2026-08-18,2280.0,2280.0,2307.0,2280.0,2300.0,1797822
2026-08-19,2289.0,2289.0,2308.199951171875,2258.300048828125,2293.60009765625,3368922
2026-08-20,2298.0,2298.0,2329.0,2288.10009765625,2319.39990234375,2047848
2026-08-21,2302.0,2302.0,2307.199951171875,2263.300048828125,2290.10009765625,2066749
2026-08-24,2284.10009765625,2284.10009765625,2321.60009765625,2279.5,2302.39990234375,1542723
2026-08-25,2296.199951171875,2296.199951171875,2313.5,2262.0,2305.0,3041609
2026-08-26,2270.0,2270.0,2306.300048828125,2266.39990234375,2305.10009765625,1660737
2026-08-27,2248.39990234375,2248.39990234375,2283.60009765625,2243.89990234375,2270.0,1709113
2026-08-28,2342.0,2342.0,2348.5,2263.300048828125,2272.0,4054069
2026-08-31,2399.300048828125,2399.300048828125,2399.300048828125,2306.199951171875,2342.0,2905846
